,entity_id,is_coniferous,sc_name,family
0,1,0,Acacia auriculiformis,Leguminosae
1,2,0,Acacia crassicarpa,Leguminosae
2,3,0,Acacia decurrens,Leguminosae
3,4,0,Acacia koa,Leguminosae
4,5,0,Acacia mangium,Leguminosae
5,6,0,Acacia mearnsii,Leguminosae
6,7,0,Acacia melanoxylon,Leguminosae
7,8,0,Acacia nilotica,Leguminosae
8,9,0,Acacia pubescens,Leguminosae
9,10,0,Acer campestre,Sapindaceae
10,11,0,Acer macrophyllum,Sapindaceae
11,12,0,Acer negundo,Sapindaceae
12,13,0,Acer palmatum,Sapindaceae
13,14,0,Acer pensylvanicum,Sapindaceae
14,15,0,Acer pictum,Sapindaceae
15,16,0,Acer platanus,Sapindaceae
16,17,0,Acer pseudoplatanus,Sapindaceae
17,18,0,Acer rubrum,Sapindaceae
18,19,0,Acer saccharinum,Sapindaceae
19,20,0,Acer saccharum,Sapindaceae
20,21,0,Acer saccharum nigrum,Sapindaceae
21,22,0,Acer saccharum,Sapindaceae
22,23,0,Acosmium panamense,Leguminosae
23,24,0,Acrocarpus fraxinifolius,Leguminosae
24,25,0,Adenanthera pavonina,Leguminosae
25,26,0,Aesculus flava,Sapindaceae
26,27,0,Aesculus glabra,Sapindaceae
27,28,0,Aesculus hippocastanum,Sapindaceae
28,29,0,Aesculus turbinata,Sapindaceae
29,30,0,Afzelia africana,Leguminosae
30,31,0,Afzelia bella,Leguminosae
31,32,0,Afzelia bipindensis,Leguminosae
32,33,0,Afzelia pachyloba,Leguminosae
33,34,0,Afzelia quanzensis,Leguminosae
34,35,0,Afzelia rhomboidea,Leguminosae
35,36,0,Afzelia xylocarpa,Leguminosae
36,37,0,Aglaia cucullata,Meliaceae
37,38,0,Aglaia spectabilis,Meliaceae
38,39,0,Ailanthus altissima,Simaroubaceae
39,40,0,Ailanthus triphysa,Simaroubaceae
40,41,0,Alangium meyeri,Cornaceae
41,42,0,Albizia adianthifolia,Leguminosae
42,43,0,Albizia antunesiana,Leguminosae
43,44,0,Albizia ferruginea,Leguminosae
44,45,0,Albizia guachapele,Leguminosae
45,46,0,Albizia gummifera,Leguminosae
46,47,0,Albizia lebbeck,Leguminosae
47,48,0,Albizia lebbekoides,Leguminosae
48,49,0,Albizia pedicellaris,Leguminosae
49,50,0,Albizia procera,Leguminosae
50,51,0,Albizia saman,Leguminosae
51,52,0,Albizia versicolor,Leguminosae
52,53,0,Albizia zygia,Leguminosae
53,54,0,Alchornea triplinervia,Euphorbiaceae
54,55,0,Aleurites moluccanus,Euphorbiaceae
55,56,0,Alexa grandiflora,Leguminosae
56,57,0,Alexa imperatricis,Leguminosae
57,58,0,Alexa wachenheimii,Leguminosae
58,59,0,Allantoma integrifolia,Lecythidaceae
59,60,0,Allantoma pluriflora,Lecythidaceae
60,61,0,Allophylus cobbe,Sapindaceae
61,62,0,Alnus glutinosa,Betulaceae
62,63,0,Alnus incana,Betulaceae
63,64,0,Alnus nepalensis,Betulaceae
64,65,0,Alnus rubra,Betulaceae
65,66,0,Alphitonia philippinensis,Rhamnaceae
66,67,0,Alphitonia zizyphoides,Rhamnaceae
67,68,0,Alseodaphne archboldiana,Lauraceae
68,69,0,Alseodaphne malabonga,Lauraceae
69,70,0,Alstonia actinophylla,Apocynaceae
70,71,0,Alstonia angustifolia,Apocynaceae
71,72,0,Alstonia angustiloba,Apocynaceae
72,73,0,Alstonia boonei,Apocynaceae
73,74,0,Alstonia congensis,Apocynaceae
74,75,0,Alstonia macrophylla,Apocynaceae
75,76,0,Alstonia scholaris,Apocynaceae
76,77,0,Alstonia spatulata,Apocynaceae
77,78,0,Altingia excelsa,Altingiaceae
78,79,0,Amblygonocarpus andongensis,Leguminosae
79,80,0,Amburana cearensis,Leguminosae
80,81,0,Amphimas ferrugineus,Leguminosae
81,82,0,Amphimas pterocarpoides,Leguminosae
82,83,0,Anacardium excelsum,Anacardiaceae
83,84,0,Anacardium giganteum,Anacardiaceae
84,85,0,Anacardium occidentale,Anacardiaceae
85,86,0,Anacardium spruceanum,Anacardiaceae
86,87,0,Andira coriacea,Leguminosae
87,88,0,Andira inermis,Leguminosae
88,89,0,Androstachys johnsonii,Picrodendraceae
89,90,0,Aniba canellila,Lauraceae
90,91,0,Aniba parviflora,Lauraceae
91,92,0,Aniba rosaeodora,Lauraceae
92,93,0,Anisoptera costata,Dipterocarpaceae
93,94,0,Anisoptera curtisii,Dipterocarpaceae
94,95,0,Anisoptera laevis,Dipterocarpaceae
95,96,0,Anisoptera marginata,Dipterocarpaceae
96,97,0,Anisoptera scaphula,Dipterocarpaceae
97,98,0,Anisoptera thurifera,Dipterocarpaceae
98,99,0,Annickia chlorantha,Annonaceae
99,100,0,Anogeissus acuminata,Combretaceae
100,101,0,Anogeissus latifolia,Combretaceae
101,102,0,Anonidium mannii,Annonaceae
102,103,0,Anopyxis klaineana,Rhizophoraceae
103,104,0,Antiaris toxicaria welwitschii,Moraceae
104,105,0,Antiaris toxicaria,Moraceae
105,106,0,Antiaris toxicaria,Moraceae
106,107,0,Antiaris africana,Moraceae
107,108,0,Antiaris toxicaria,Moraceae
108,109,0,Antrocaryon klaineanum,Anacardiaceae
109,110,0,Antrocaryon micraster,Anacardiaceae
110,111,0,Apeiba glabra,Malvaceae
111,112,0,Aphananthe philippinensis,Cannabaceae
112,113,0,Aphanocalyx heitzii,Leguminosae
113,114,0,Apuleia leiocarpa,Leguminosae
114,115,0,Aquilaria malaccensis,Thymelaeaceae
115,116,0,Arbutus menziesii,Ericaceae
116,117,0,Arbutus unedo,Ericaceae
117,118,0,Archidendropsis xanthoxylon,Leguminosae
118,119,0,Artocarpus altilis,Moraceae
119,120,0,Artocarpus chama,Moraceae
120,121,0,Artocarpus elasticus,Moraceae
121,122,0,Artocarpus hirsutus,Moraceae
122,123,0,Artocarpus integer,Moraceae
123,124,0,Artocarpus lanceifolius,Moraceae
124,125,0,Artocarpus ovatus,Moraceae
125,126,0,Artocarpus rigidus,Moraceae
126,127,0,Artocarpus scortechinii,Moraceae
127,128,0,Aspidosperma album,Apocynaceae
128,129,0,Aspidosperma desmanthum,Apocynaceae
129,130,0,Aspidosperma megalocarpon,Apocynaceae
130,131,0,Aspidosperma polyneuron,Apocynaceae
131,132,0,Aspidosperma quebracho-blanco,Apocynaceae
132,133,0,Aspidosperma tomentosum,Apocynaceae
133,134,0,Aspidosperma vargasii,Apocynaceae
134,135,0,Aspidostemon perrieri,Lauraceae
135,136,0,Asteropeia rhopaloides,Asteropeiaceae
136,137,0,Astronium fraxinifolium,Anacardiaceae
137,138,0,Astronium graveolens,Anacardiaceae
138,139,0,Astronium lecointei,Anacardiaceae
139,140,0,Astronium urundeuva,Anacardiaceae
140,141,0,Atherosperma moschatum,Atherospermataceae
141,142,0,Aucoumea klaineana,Burseraceae
142,143,0,Autranella congolensis,Sapotaceae
143,144,0,Azadirachta excelsa,Meliaceae
144,145,0,Azadirachta indica,Meliaceae
145,146,0,Bagassa guianensis,Moraceae
146,147,0,Baikiaea insignis,Leguminosae
147,148,0,Baikiaea plurijuga,Leguminosae
148,149,0,Baillonella toxisperma,Sapotaceae
149,150,0,Balakata baccata,Euphorbiaceae
150,151,0,Balakata luzonica,Euphorbiaceae
151,152,0,Balanocarpus heimii,Dipterocarpaceae
152,153,0,Balfourodendron riedelianum,Rutaceae
153,154,0,Balmea stormiae,Rubiaceae
154,155,0,Baphia nitida,Leguminosae
155,156,0,Barringtonia acutangula,Lecythidaceae
156,157,0,Bastardiopsis densiflora,Malvaceae
157,158,0,Batesia floribunda,Leguminosae
158,159,0,Beccariophoenix madagascariensis,Arecaceae
159,160,0,Beilschmiedia letouzeyi,Lauraceae
160,161,0,Beilschmiedia mannii,Lauraceae
161,162,0,Beilschmiedia tawa,Lauraceae
162,163,0,Beilschmiedia velutina,Lauraceae
163,164,0,Berchemia zeyheri,Rhamnaceae
164,165,0,Berlinia auriculata,Leguminosae
165,166,0,Berlinia bracteosa,Leguminosae
166,167,0,Berlinia confusa,Leguminosae
167,168,0,Berlinia grandiflora,Leguminosae
168,169,0,Bertholletia excelsa,Lecythidaceae
169,170,0,Betula alleghaniensis,Betulaceae
170,171,0,Betula alnoides,Betulaceae
171,172,0,Betula lenta,Betulaceae
172,173,0,Betula maximowicziana,Betulaceae
173,174,0,Betula nigra,Betulaceae
174,175,0,Betula papyrifera,Betulaceae
175,176,0,Betula pendula,Betulaceae
176,177,0,Betula populifolia,Betulaceae
177,178,0,Betula pubescens,Betulaceae
178,179,0,Betula schmidtii,Betulaceae
179,180,0,Bischofia javanica,Phyllanthaceae
180,181,0,Bixa arborea,Bixaceae
181,182,0,Bixa orellana,Bixaceae
182,183,0,Bobgunnia fistuloides,Leguminosae
183,184,0,Bobgunnia madagascariensis,Leguminosae
184,185,0,Bombax brevicuspe,Malvaceae
185,186,0,Bombax ceiba,Malvaceae
186,187,0,Borassus flabellifer,Arecaceae
187,188,0,Bowdichia nitida,Leguminosae
188,189,0,Bowdichia virgilioides,Leguminosae
189,190,0,Brachylaena huillensis,Compositae
190,191,0,Brachylaena merana,Compositae
191,192,0,Brachylaena ramiflora,Compositae
192,193,0,Brachystegia cynometroides,Leguminosae
193,194,0,Brachystegia eurycoma,Leguminosae
194,195,0,Brachystegia laurentii,Leguminosae
195,196,0,Brachystegia leonensis,Leguminosae
196,197,0,Brachystegia mildbraedii,Leguminosae
197,198,0,Brachystegia nigerica,Leguminosae
198,199,0,Brachystegia spiciformis,Leguminosae
199,200,0,Brachystegia zenkeri,Leguminosae
200,201,0,Breonadia salicina,Rubiaceae
201,202,0,Breonia madagascariensis,Rubiaceae
202,203,0,Breviea sericea,Sapotaceae
203,204,0,Bridelia grandis,Phyllanthaceae
204,205,0,Bridelia micrantha,Phyllanthaceae
205,206,0,Brosimum alicastrum,Moraceae
206,207,0,Brosimum costaricanum,Moraceae
207,208,0,Brosimum guianense,Moraceae
208,209,0,Brosimum parinarioides,Moraceae
209,210,0,Brosimum potabile,Moraceae
210,211,0,Brosimum rubescens,Moraceae
211,212,0,Brosimum utile,Moraceae
212,213,0,Buchanania arborescens,Anacardiaceae
213,214,0,Buchanania latifolia,Anacardiaceae
214,215,0,Buchenavia tetraphylla,Combretaceae
215,216,0,Bucida buceras,Combretaceae
216,217,0,Bulnesia arborea,Zygophyllaceae
217,218,0,Bulnesia carrapo,Zygophyllaceae
218,219,0,Bulnesia sarmientoi,Zygophyllaceae
219,220,0,Burkea africana,Leguminosae
220,221,0,Bursera simaruba,Burseraceae
221,222,0,Buxus macowanii,Buxaceae
222,223,0,Buxus sempervirens,Buxaceae
223,224,0,Byrsonima crassifolia,Malpighiaceae
224,225,0,Byrsonima spicata,Malpighiaceae
225,226,0,Cabralea cangerana,Meliaceae
226,227,0,Cabralea canjerana,Meliaceae
227,228,0,Caesalpinia echinata,Leguminosae
228,229,0,Caesalpinia ferrea,Leguminosae
229,230,0,Caesalpinia granadillo,Leguminosae
230,231,0,Caesalpinia paraguariensis,Leguminosae
231,232,0,Caesalpinia platyloba,Leguminosae
232,233,0,Calophyllum brasiliense,Clusiaceae
233,234,0,Calophyllum ferrugineum,Clusiaceae
234,235,0,Calophyllum inophyllum,Clusiaceae
235,236,0,Calophyllum papuanum,Clusiaceae
236,237,0,Calophyllum peekelii,Clusiaceae
237,238,0,Calophyllum tetrapterum,Clusiaceae
238,239,0,Calophyllum tomentosum,Clusiaceae
239,240,0,Calophyllum vitiense,Clusiaceae
240,241,0,Calpocalyx heitzii,Leguminosae
241,242,0,Calycophyllum candidissimum,Rubiaceae
242,243,0,Calycophyllum multiflorum,Rubiaceae
243,244,0,Calycophyllum spruceanum,Rubiaceae
244,245,0,Campnosperma auriculatum,Anacardiaceae
245,246,0,Campnosperma brevipetiolatum,Anacardiaceae
246,247,0,Campnosperma coriaceum,Anacardiaceae
247,248,0,Campnosperma montanum,Anacardiaceae
248,249,0,Campnosperma panamense,Anacardiaceae
249,250,0,Campnosperma squamatum,Anacardiaceae
250,251,0,Cananga odorata,Annonaceae
251,252,0,Canarium euphyllum,Burseraceae
252,253,0,Canarium hirsutum,Burseraceae
253,254,0,Canarium indicum,Burseraceae
254,255,0,Canarium littorale,Burseraceae
255,256,0,Canarium luzonicum,Burseraceae
256,257,0,Canarium schweinfurtii,Burseraceae
257,258,0,Cantleya corniculata,Stemonuraceae
258,259,0,Carallia brachiata,Rhizophoraceae
259,260,0,Carapa grandiflora,Meliaceae
260,261,0,Carapa guianensis,Meliaceae
261,262,0,Carapa procera,Meliaceae
262,263,0,Cardwellia sublimis,Proteaceae
263,264,0,Cariniana domestica,Lecythidaceae
264,265,0,Cariniana estrellensis,Lecythidaceae
265,266,0,Cariniana legalis,Lecythidaceae
266,267,0,Cariniana pyriformis,Lecythidaceae
267,268,0,Carpinus betulus,Betulaceae
268,269,0,Carpinus caroliniana,Betulaceae
269,270,0,Carya alba,Juglandaceae
270,271,0,Carya aquatica,Juglandaceae
271,272,0,Carya cordiformis,Juglandaceae
272,273,0,Carya glabra,Juglandaceae
273,274,0,Carya illinoinensis,Juglandaceae
274,275,0,Carya laciniosa,Juglandaceae
275,276,0,Carya myristiciformis,Juglandaceae
276,277,0,Carya ovata,Juglandaceae
277,278,0,Caryocar costaricense,Caryocaraceae
278,279,0,Caryocar glabrum,Caryocaraceae
279,280,0,Caryocar nuciferum,Caryocaraceae
280,281,0,Caryocar villosum,Caryocaraceae
281,282,0,Caryota urens,Arecaceae
282,283,0,Casearia battiscombei,Salicaceae
283,284,0,Casearia dallachyi,Salicaceae
284,285,0,Casearia gossypiosperma,Salicaceae
285,286,0,Casearia praecox,Salicaceae
286,287,0,Cassia javanica,Leguminosae
287,288,0,Cassipourea gummiflua,Rhizophoraceae
288,289,0,Cassipourea malosana,Rhizophoraceae
289,290,0,Castanea crenata,Fagaceae
290,291,0,Castanea dentata,Fagaceae
291,292,0,Castanea sativa,Fagaceae
292,293,0,Castanopsis acuminatissima,Fagaceae
293,294,0,Castanopsis argentea,Fagaceae
294,295,0,Castanopsis cuspidata,Fagaceae
295,296,0,Castanopsis javanica,Fagaceae
296,297,0,Castanopsis tungurrut,Fagaceae
297,298,0,Castanospermum australe,Leguminosae
298,299,0,Casuarina cunninghamiana,Casuarinaceae
299,300,0,Casuarina equisetifolia,Casuarinaceae
300,301,0,Catalpa bignonioides,Bignoniaceae
301,302,0,Catalpa speciosa,Bignoniaceae
302,303,0,Catostemma commune,Malvaceae
303,304,0,Catostemma fragrans,Malvaceae
304,305,0,Cavanillesia platanifolia,Malvaceae
305,306,0,Cecropia peltata,Urticaceae
306,307,0,Cecropia sciadophylla,Urticaceae
307,308,0,Cedrela angustifolia,Meliaceae
308,309,0,Cedrela fissilis,Meliaceae
309,310,0,Cedrela odorata,Meliaceae
310,311,0,Cedrela serrata,Meliaceae
311,312,0,Cedrelinga cateniformis,Leguminosae
312,313,0,Ceiba pentandra,Malvaceae
313,314,0,Ceiba samauma,Malvaceae
314,315,0,Ceiba speciosa,Malvaceae
315,316,0,Celtis adolfi-friderici,Cannabaceae
316,317,0,Celtis laevigata,Cannabaceae
317,318,0,Celtis laevigata,Cannabaceae
318,319,0,Celtis reticulata,Cannabaceae
319,320,0,Celtis mildbraedii,Cannabaceae
320,321,0,Celtis occidentalis,Cannabaceae
321,322,0,Celtis philippensis,Cannabaceae
322,323,0,Celtis rigescens,Cannabaceae
323,324,0,Celtis zenkeri,Cannabaceae
324,325,0,Centrolobium ochroxylon,Leguminosae
325,326,0,Centrolobium paraense,Leguminosae
326,327,0,Centrolobium paraense,Leguminosae
327,328,0,Centrolobium orenocense,Leguminosae
328,329,0,Cephalosphaera usambarensis,Myristicaceae
329,330,0,Ceratopetalum succirubrum,Cunoniaceae
330,331,0,Cerbera odollam,Apocynaceae
331,332,0,Cercidiphyllum japonicum,Cercidiphyllaceae
332,333,0,Ceriops tagal,Rhizophoraceae
333,334,0,Chamaecrista apoucouita,Leguminosae
334,335,0,Chisocheton pentandrus,Meliaceae
335,336,0,Chlorocardium rodiei,Lauraceae
336,337,0,Chloroxylon swietenia,Rutaceae
337,338,0,Chrysolepis chrysophylla,Fagaceae
338,339,0,Chrysophyllum africanum,Sapotaceae
339,340,0,Chrysophyllum albidum,Sapotaceae
340,341,0,Chrysophyllum beguei,Sapotaceae
341,342,0,Chrysophyllum boivinianum,Sapotaceae
342,343,0,Gambeya madagascariensis,Sapotaceae
343,344,0,Chrysophyllum giganteum,Sapotaceae
344,345,0,Chrysophyllum gonocarpum,Sapotaceae
345,346,0,Chrysophyllum lacourtianum,Sapotaceae
346,347,0,Gambeya lacourtiana,Sapotaceae
347,348,0,Chrysophyllum perpulchrum,Sapotaceae
348,349,0,Chrysophyllum pomiferum,Sapotaceae
349,350,0,Chrysophyllum sanguinolentum,Sapotaceae
350,351,0,Chrysophyllum subnudum,Sapotaceae
351,352,0,Chukrasia tabularis,Meliaceae
352,353,0,Cinnamomum camphora,Lauraceae
353,354,0,Cinnamomum iners,Lauraceae
354,355,0,Cinnamomum porrectum,Lauraceae
355,356,0,Clarisia racemosa,Moraceae
356,357,0,Clathrotropis brachypetala,Leguminosae
357,358,0,Clathrotropis macrocarpa,Leguminosae
358,359,0,Cleistopholis glauca,Annonaceae
359,360,0,Cleistopholis patens,Annonaceae
360,361,0,Cocos nucifera,Arecaceae
361,362,0,Coelocaryon preussii,Myristicaceae
362,363,0,Coelostegia griffithii,Malvaceae
363,364,0,Cojoba arborea,Leguminosae
364,365,0,Colophospermum mopane,Leguminosae
365,366,0,Combretocarpus rotundatus,Anisophylleaceae
366,367,0,Combretum imberbe,Combretaceae
367,368,0,Conocarpus erectus,Combretaceae
368,369,0,Copaifera langsdorffii,Leguminosae
369,370,0,Copaifera mildbraedii,Leguminosae
370,371,0,Copaifera multijuga,Leguminosae
371,372,0,Copaifera officinalis,Leguminosae
372,373,0,Copaifera religiosa,Leguminosae
373,374,0,Copaifera salikounda,Leguminosae
374,375,0,Cordia africana,Boraginaceae
375,376,0,Cordia alliodora,Boraginaceae
376,377,0,Cordia americana,Boraginaceae
377,378,0,Cordia collococca,Boraginaceae
378,379,0,Cordia dichotoma,Boraginaceae
379,380,0,Cordia suaveolens,Boraginaceae
380,381,0,Cordia dodecandra,Boraginaceae
381,382,0,Cordia elaeagnoides,Boraginaceae
382,383,0,Cordia fragrantissima,Boraginaceae
383,384,0,Cordia gerascanthus,Boraginaceae
384,385,0,Cordia glabrata,Boraginaceae
385,386,0,Cordia goeldiana,Boraginaceae
386,387,0,Cordia millenii,Boraginaceae
387,388,0,Cordia platythyrsa,Boraginaceae
388,389,0,Cordia sebestena,Boraginaceae
389,390,0,Cordia subcordata,Boraginaceae
390,391,0,Cordia trichotoma,Boraginaceae
391,392,0,Cordyla africana,Leguminosae
392,393,0,Cornus florida,Cornaceae
393,394,0,Corylus avellana,Betulaceae
394,395,0,Corylus colurna,Betulaceae
395,396,0,Corymbia citriodora,Myrtaceae
396,397,0,Corymbia maculata,Myrtaceae
397,398,0,Cotylelobium burckii,Dipterocarpaceae
398,399,0,Cotylelobium lanceolatum,Dipterocarpaceae
399,400,0,Cotylelobium melanoxylon,Dipterocarpaceae
400,401,0,Coula edulis,Olacaceae
401,402,0,Couma macrocarpa,Apocynaceae
402,403,0,Couratari guianensis,Lecythidaceae
403,404,0,Couratari macrosperma,Lecythidaceae
404,405,0,Couratari multiflora,Lecythidaceae
405,406,0,Couratari oblongifolia,Lecythidaceae
406,407,0,Couratari stellata,Lecythidaceae
407,408,0,Couroupita guianensis,Lecythidaceae
408,409,0,Couroupita nicaraguarensis,Lecythidaceae
409,410,0,Couroupita odoratissima,Lecythidaceae
410,411,0,Crataegus azarolus,Rosaceae
411,412,0,Crataegus coccinea,Rosaceae
412,413,0,Crataegus laevigata,Rosaceae
413,414,0,Crataegus monogyna,Rosaceae
414,415,0,Crataegus pinnatifida,Rosaceae
415,416,0,Cratoxylum arborescens,Hypericaceae
416,417,0,Cratoxylum formosum,Hypericaceae
417,418,0,Cratoxylon formosum,Hypericaceae
418,419,0,Croton megalocarpus,Euphorbiaceae
419,420,0,Ctenolophon englerianus,Ctenolophonaceae
420,421,0,Ctenolophon parvifolius,Ctenolophonaceae
421,422,0,Cylicodiscus gabunensis,Leguminosae
422,423,0,Cynometra alexandri,Leguminosae
423,424,0,Cynometra ananta,Leguminosae
424,425,0,Cynometra elmeri,Leguminosae
425,426,0,Cynometra inaequifolia,Leguminosae
426,427,0,Cynometra malaccensis,Leguminosae
427,428,0,Cynometra mirabilis,Leguminosae
428,429,0,Cynometra ramiflora,Leguminosae
429,430,0,Dacryodes buettneri,Burseraceae
430,431,0,Dacryodes excelsa,Burseraceae
431,432,0,Dacryodes igaganga,Burseraceae
432,433,0,Dactylocladus stenostachys,Penaeaceae
433,434,0,Dalbergia bariensis,Leguminosae
434,435,0,Dalbergia baronii,Leguminosae
435,436,0,Dalbergia brownei,Leguminosae
436,437,0,Dalbergia cambodiana,Leguminosae
437,438,0,Dalbergia cearensis,Leguminosae
438,439,0,Dalbergia cochinchinensis,Leguminosae
439,440,0,Dalbergia congestiflora,Leguminosae
440,441,0,Dalbergia cubilquitzensis,Leguminosae
441,442,0,Dalbergia cultrata,Leguminosae
442,443,0,Dalbergia cuscatlanica,Leguminosae
443,444,0,Dalbergia decipularis,Leguminosae
444,445,0,Dalbergia ecastaphyllum,Leguminosae
445,446,0,Dalbergia frutescens,Leguminosae
446,447,0,Dalbergia glabra,Leguminosae
447,448,0,Dalbergia granadillo,Leguminosae
448,449,0,Dalbergia greveana,Leguminosae
449,450,0,Dalbergia latifolia,Leguminosae
450,451,0,Dalbergia louvelii,Leguminosae
451,452,0,Dalbergia madagascariensis,Leguminosae
452,453,0,Dalbergia maritima,Leguminosae
453,454,0,Dalbergia melanoxylon,Leguminosae
454,455,0,Dalbergia monticola,Leguminosae
455,456,0,Dalbergia nigra,Leguminosae
456,457,0,Dalbergia oliveri,Leguminosae
457,458,0,Dalbergia pervillei,Leguminosae
458,459,0,Dalbergia retusa,Leguminosae
459,460,0,Dalbergia rimosa,Leguminosae
460,461,0,Dalbergia sissoides,Leguminosae
461,462,0,Dalbergia sissoo,Leguminosae
462,463,0,Dalbergia spruceana,Leguminosae
463,464,0,Dalbergia stevensonii,Leguminosae
464,465,0,Dalbergia tucurensis,Leguminosae
465,466,0,Daniella thurifera,Bignoniaceae
466,467,0,Daniellia klainei,Bignoniaceae
467,468,0,Daniellia ogea,Leguminosae
468,469,0,Daniellia thurifera,Leguminosae
469,470,0,Dendropanax arboreus,Araliaceae
470,471,0,Dendropanax cuneatus,Araliaceae
471,472,0,Desmodium oojeinense,Leguminosae
472,473,0,Detarium macrocarpum,Leguminosae
473,474,0,Detarium senegalense,Leguminosae
474,475,0,Dialium cochinchinense,Leguminosae
475,476,0,Dialium dinklagei,Leguminosae
476,477,0,Dialium guianense,Leguminosae
477,478,0,Dialium indum,Leguminosae
478,479,0,Dialium kunstleri,Leguminosae
479,480,0,Dialium patens,Leguminosae
480,481,0,Dialium platysepalum,Leguminosae
481,482,0,Dialium procerum,Leguminosae
482,483,0,Dicorynia guianensis,Leguminosae
483,484,0,Dicorynia paraensis,Leguminosae
484,485,0,Didelotia africana,Leguminosae
485,486,0,Didelotia brevipaniculata,Leguminosae
486,487,0,Didelotia idae,Leguminosae
487,488,0,Didelotia letouzeyi,Leguminosae
488,489,0,Dillenia excelsa,Dilleniaceae
489,490,0,Dillenia indica,Dilleniaceae
490,491,0,Dillenia luzoniensis,Dilleniaceae
491,492,0,Dillenia ovata,Dilleniaceae
492,493,0,Dillenia papuana,Dilleniaceae
493,494,0,Dillenia pentagyna,Dilleniaceae
494,495,0,Dillenia philippinensis,Dilleniaceae
495,496,0,Dillenia pulchella,Dilleniaceae
496,497,0,Dillenia reticulata,Dilleniaceae
497,498,0,Dillenia salomonensis,Dilleniaceae
498,499,0,Dillenia schlechteri,Dilleniaceae
499,500,0,Dimocarpus longan,Sapindaceae
500,501,0,Dimorphandra polyandra,Leguminosae
501,502,0,Dinizia excelsa,Leguminosae
502,503,0,Diospyros celebica,Ebenaceae
503,504,0,Diospyros crassiflora,Ebenaceae
504,505,0,Diospyros discolor,Ebenaceae
505,506,0,Diospyros ebenum,Ebenaceae
506,507,0,Diospyros gracilipes,Ebenaceae
507,508,0,Diospyros insularis,Ebenaceae
508,509,0,Diospyros korthalsiana,Ebenaceae
509,510,0,Diospyros kurzii,Ebenaceae
510,511,0,Diospyros lotus,Ebenaceae
511,512,0,Diospyros marmorata,Ebenaceae
512,513,0,Diospyros melanoxylon,Ebenaceae
513,514,0,Diospyros mespiliformis,Ebenaceae
514,515,0,Diospyros mindanaensis,Ebenaceae
515,516,0,Diospyros mollis,Ebenaceae
516,517,0,Diospyros perrieri,Ebenaceae
517,518,0,Diospyros pyrrhocarpa,Ebenaceae
518,519,0,Diospyros toxicaria,Ebenaceae
519,520,0,Diospyros vera,Ebenaceae
520,521,0,Diospyros virginiana,Ebenaceae
521,522,0,Diplodiscus paniculatus,Malvaceae
522,523,0,Diplotropis martiusii,Leguminosae
523,524,0,Diplotropis purpurea,Leguminosae
524,525,0,Dipterocarpus acutangulus,Dipterocarpaceae
525,526,0,Dipterocarpus alatus,Dipterocarpaceae
526,527,0,Dipterocarpus basilanicus,Dipterocarpaceae
527,528,0,Dipterocarpus baudii,Dipterocarpaceae
528,529,0,Dipterocarpus borneensis,Dipterocarpaceae
529,530,0,Dipterocarpus caudiferus,Dipterocarpaceae
530,531,0,Dipterocarpus costulatus,Dipterocarpaceae
531,532,0,Dipterocarpus grandiflorus,Dipterocarpaceae
532,533,0,Dipterocarpus kerrii,Dipterocarpaceae
533,534,0,Dipterocarpus lowii,Dipterocarpaceae
534,535,0,Dipterocarpus retusus,Dipterocarpaceae
535,536,0,Dipterocarpus tonkinensis,Dipterocarpaceae
536,537,0,Dipterocarpus validus,Dipterocarpaceae
537,538,0,Dipterocarpus verrucosus,Dipterocarpaceae
538,539,0,Dipteryx odorata,Leguminosae
539,540,0,Dipteryx oleifera,Leguminosae
540,541,0,Dipteryx panamensis,Leguminosae
541,542,0,Distemonanthus benthamianus,Leguminosae
542,543,0,Doryphora sassafras,Atherospermataceae
543,544,0,Dracontomelon costatum,Anacardiaceae
544,545,0,Dracontomelon dao,Anacardiaceae
545,546,0,Dracontomelon lenticulatum,Anacardiaceae
546,547,0,Drimys winteri,Winteraceae
547,548,0,Dryobalanops beccarii,Dipterocarpaceae
548,549,0,Dryobalanops lanceolata,Dipterocarpaceae
549,550,0,Dryobalanops oblongifolia,Dipterocarpaceae
550,551,0,Dryobalanops sumatrensis,Dipterocarpaceae
551,552,0,Drypetes gossweileri,Putranjivaceae
552,553,0,Duabanga grandiflora,Lythraceae
553,554,0,Duabanga moluccana,Lythraceae
554,555,0,Duguetia confinis,Annonaceae
555,556,0,Duguetia staudtii,Annonaceae
556,557,0,Durio griffithii,Malvaceae
557,558,0,Durio lowianus,Malvaceae
558,559,0,Durio oxleyanus,Malvaceae
559,560,0,Durio wyatt-smithii,Malvaceae
560,561,0,Durio zibethinus,Malvaceae
561,562,0,Dyera costulata,Apocynaceae
562,563,0,Dyera polyphylla,Apocynaceae
563,564,0,Dypsis decaryi,Arecaceae
564,565,0,Neodypsis decaryi,Arecaceae
565,566,0,Dypsis decipiens,Arecaceae
566,567,0,Chrysalidocarpus decipiens,Arecaceae
567,568,0,Dysoxylum alliaceum,Meliaceae
568,569,0,Dysoxylum euphlebium,Meliaceae
569,570,0,Dysoxylum fraserianum,Meliaceae
570,571,0,Dysoxylum malabaricum,Meliaceae
571,572,0,Ecclinusa guianensis,Sapotaceae
572,573,0,Ecclinusa lanceolata,Sapotaceae
573,574,0,Ekebergia capensis,Meliaceae
574,575,0,Elaeagnus angustifolia,Elaeagnaceae
575,576,0,Elateriospermum tapos,Euphorbiaceae
576,577,0,Endiandra laxiflora,Lauraceae
577,578,0,Endiandra palmerstonii,Lauraceae
578,579,0,Endocomia macrocoma,Myristicaceae
579,580,0,Endopleura uchi,Humiriaceae
580,581,0,Endospermum diadenum,Euphorbiaceae
581,582,0,Endospermum macrophyllum,Euphorbiaceae
582,583,0,Endospermum medullosum,Euphorbiaceae
583,584,0,Endospermum moluccanum,Euphorbiaceae
584,585,0,Endospermum peltatum,Euphorbiaceae
585,586,0,Engelhardtia roxburghiana,Juglandaceae
586,587,0,Entandrophragma angolense,Meliaceae
587,588,0,Entandrophragma candollei,Meliaceae
588,589,0,Entandrophragma congoense,Meliaceae
589,590,0,Entandrophragma cylindricum,Meliaceae
590,591,0,Entandrophragma utile,Meliaceae
591,592,0,Enterolobium contortisiliquum,Leguminosae
592,593,0,Enterolobium cyclocarpum,Leguminosae
593,594,0,Enterolobium schomburgkii,Leguminosae
594,595,0,Enterolobium timbouva,Leguminosae
595,596,0,Eperua falcata,Leguminosae
596,597,0,Eperua grandiflora,Leguminosae
597,598,0,Eperua jenmanii,Leguminosae
598,599,0,Eperua rubiginosa,Leguminosae
599,600,0,Eriotheca globosa,Malvaceae
600,601,0,Bombax globosum,Malvaceae
601,602,0,Erisma calcaratum,Vochysiaceae
602,603,0,Erisma lanceolatum,Vochysiaceae
603,604,0,Erisma nitidum,Vochysiaceae
604,605,0,Erisma uncinatum,Vochysiaceae
605,606,0,Erythrophleum ivorense,Leguminosae
606,607,0,Erythrophleum suaveolens,Leguminosae
607,608,0,Erythroxylum mannii,Erythroxylaceae
608,609,0,Eschweilera sagotiana,Lecythidaceae
609,610,0,Eucalyptus alba,Myrtaceae
610,611,0,Eucalyptus astringens,Myrtaceae
611,612,0,Eucalyptus bridgesiana,Myrtaceae
612,613,0,Eucalyptus camaldulensis,Myrtaceae
613,614,0,Eucalyptus cloeziana,Myrtaceae
614,615,0,Eucalyptus coolabah,Myrtaceae
615,616,0,Eucalyptus deglupta,Myrtaceae
616,617,0,Eucalyptus delegatensis,Myrtaceae
617,618,0,Eucalyptus diversicolor,Myrtaceae
618,619,0,Eucalyptus dives,Myrtaceae
619,620,0,Eucalyptus eugenioides,Myrtaceae
620,621,0,Eucalyptus globoidea,Myrtaceae
621,622,0,Eucalyptus globulus,Myrtaceae
622,623,0,Eucalyptus globulus maidenii,Myrtaceae
623,624,0,Eucalyptus maidenii,Myrtaceae
624,625,0,Eucalyptus grandis,Myrtaceae
625,626,0,Eucalyptus longifolia,Myrtaceae
626,627,0,Eucalyptus marginata,Myrtaceae
627,628,0,Eucalyptus melliodora,Myrtaceae
628,629,0,Eucalyptus moluccana,Myrtaceae
629,630,0,Eucalyptus nitens,Myrtaceae
630,631,0,Eucalyptus obliqua,Myrtaceae
631,632,0,Eucalyptus paniculata,Myrtaceae
632,633,0,Eucalyptus papuana,Myrtaceae
633,634,0,Eucalyptus pilularis,Myrtaceae
634,635,0,Eucalyptus regnans,Myrtaceae
635,636,0,Eucalyptus resinifera,Myrtaceae
636,637,0,Eucalyptus robusta,Myrtaceae
637,638,0,Eucalyptus socialis,Myrtaceae
638,639,0,Eucalyptus tereticornis,Myrtaceae
639,640,0,Eucryphia cordifolia,Cunoniaceae
640,641,0,Eucryphia lucida,Cunoniaceae
641,642,0,Euroschinus vieillardii,Anacardiaceae
642,643,0,Eusideroxylon melagangai,Lauraceae
643,644,0,Eusideroxylon zwageri,Lauraceae
644,645,0,Euxylophora paraensis,Rutaceae
645,646,0,Exbucklandia populnea,Hamamelidaceae
646,647,0,Excoecaria agallocha,Euphorbiaceae
647,648,0,Exostema caribaeum,Rubiaceae
648,649,0,Fagaropsis angolensis,Rutaceae
649,650,0,Fagraea crenulata,Gentianaceae
650,651,0,Fagraea elliptica,Gentianaceae
651,652,0,Fagraea fragrans,Gentianaceae
652,653,0,Fagraea gracilipes,Gentianaceae
653,654,0,Fagus grandifolia,Fagaceae
654,655,0,Fagus sylvatica,Fagaceae
655,656,0,Falcataria moluccana,Leguminosae
656,657,0,Falconeria insignis,Euphorbiaceae
657,658,0,Sapium insigne,Euphorbiaceae
658,659,0,Ficus coerulescens,Moraceae
659,660,0,Ficus killipii,Moraceae
660,661,0,Ficus crassiuscula,Moraceae
661,662,0,Ficus hartwegii,Moraceae
662,663,0,Ficus insipida,Moraceae
663,664,0,Ficus mathewsii,Moraceae
664,665,0,Ficus nymphaeifolia,Moraceae
665,666,0,Ficus anguina,Moraceae
666,667,0,Ficus obliqua,Moraceae
667,668,0,Ficus eugenioides,Moraceae
668,669,0,Ficus pertusa,Moraceae
669,670,0,Ficus subandina,Moraceae
670,671,0,Ficus trigona,Moraceae
671,672,0,Ficus watkinsiana,Moraceae
672,673,0,Fillaeopsis discophora,Leguminosae
673,674,0,Fleroya ledermannii,Rubiaceae
674,675,0,Fleroya stipulosa,Rubiaceae
675,676,0,Flindersia australis,Rutaceae
676,677,0,Flindersia brayleyana,Rutaceae
677,678,0,Flindersia ifflaiana,Rutaceae
678,679,0,Flindersia pimenteliana,Rutaceae
679,680,0,Flindersia schottiana,Rutaceae
680,681,0,Frangula alnus,Rhamnaceae
681,682,0,Rhamnus frangula,Rhamnaceae
682,683,0,Frangula purshiana,Rhamnaceae
683,684,0,Fraxinus americana,Oleaceae
684,685,0,Fraxinus excelsior,Oleaceae
685,686,0,Fraxinus latifolia,Oleaceae
686,687,0,Fraxinus mandshurica,Oleaceae
687,688,0,Fraxinus nigra,Oleaceae
688,689,0,Fraxinus ornus,Oleaceae
689,690,0,Fraxinus pennsylvanica,Oleaceae
690,691,0,Fraxinus profunda,Oleaceae
691,692,0,Fraxinus quadrangulata,Oleaceae
692,693,0,Funtumia africana,Apocynaceae
693,694,0,Garcinia cowa,Clusiaceae
694,695,0,Garuga pinnata,Burseraceae
695,696,0,Geissois benthamiana,Cunoniaceae
696,697,0,Geissois biagiana,Cunoniaceae
697,698,0,Genipa americana,Rubiaceae
698,699,0,Gilbertiodendron brachystegioides,Leguminosae
699,700,0,Gilbertiodendron dewevrei,Leguminosae
700,701,0,Gilbertiodendron mayombense,Leguminosae
701,702,0,Gilbertiodendron preussii,Leguminosae
702,703,0,Gleditsia triacanthos,Leguminosae
703,704,0,Gluta curtisii,Anacardiaceae
704,705,0,Gluta papuana,Anacardiaceae
705,706,0,Gluta renghas,Anacardiaceae
706,707,0,Gluta tourtour,Anacardiaceae
707,708,0,Gluta wallichii,Anacardiaceae
708,709,0,Glycydendron amazonicum,Euphorbiaceae
709,710,0,Gmelina arborea,Lamiaceae
710,711,0,Gmelina fasciculiflora,Lamiaceae
711,712,0,Gmelina leichardtii,Lamiaceae
712,713,0,Gmelina moluccana,Lamiaceae
713,714,0,Gonioma kamassi,Apocynaceae
714,715,0,Gonystylus bancanus,Thymelaeaceae
715,716,0,Gonystylus forbesii,Thymelaeaceae
716,717,0,Gonystylus macrophyllus,Thymelaeaceae
717,718,0,Gossweilerodendron balsamiferum,Leguminosae
718,719,0,Gossweilerodendron joveri,Leguminosae
719,720,0,Goupia glabra,Goupiaceae
720,721,0,Grevillea robusta,Proteaceae
721,722,0,Grevillea striata,Proteaceae
722,723,0,Grewia eriocarpa,Malvaceae
723,724,0,Grewia elastica,Malvaceae
724,725,0,Guaiacum coulteri,Zygophyllaceae
725,726,0,Guaiacum officinale,Zygophyllaceae
726,727,0,Guaiacum sanctum,Zygophyllaceae
727,728,0,Guarea cedrata,Meliaceae
728,729,0,Guarea glabra,Meliaceae
729,730,0,Guarea excelsa,Meliaceae
730,731,0,Guarea guidonia,Meliaceae
731,732,0,Guarea laurentii,Meliaceae
732,733,0,Guarea thompsonii,Meliaceae
733,734,0,Guazuma ulmifolia,Malvaceae
734,735,0,Guibourtia arnoldiana,Leguminosae
735,736,0,Guibourtia coleosperma,Leguminosae
736,737,0,Guibourtia conjugata,Leguminosae
737,738,0,Guibourtia demeusei,Leguminosae
738,739,0,Guibourtia ehie,Leguminosae
739,740,0,Guibourtia pellegriniana,Leguminosae
740,741,0,Guibourtia schliebenii,Leguminosae
741,742,0,Guibourtia tessmannii,Leguminosae
742,743,0,Gymnanthes lucida,Euphorbiaceae
743,744,0,Gymnocladus dioica,Leguminosae
744,745,0,Haematoxylum campechianum,Leguminosae
745,746,0,Haldina cordifolia,Rubiaceae
746,747,0,Hamamelis virginiana,Hamamelidaceae
747,748,0,Handroanthus capitatus,Bignoniaceae
748,749,0,Tabebuia capitata,Bignoniaceae
749,750,0,Handroanthus guayacan,Bignoniaceae
750,751,0,Handroanthus heptaphyllus,Bignoniaceae
751,752,0,Handroanthus serratifolius,Bignoniaceae
752,753,0,Haplormosia monophylla,Leguminosae
753,754,0,Hardwickia binata,Leguminosae
754,755,0,Harpullia arborea,Sapindaceae
755,756,0,Harungana madagascariensis,Hypericaceae
756,757,0,Hazomalania voyronii,Hernandiaceae
757,758,0,Hernandia voyronii,Hernandiaceae
758,759,0,Helicostylis tomentosa,Moraceae
759,760,0,Heliocarpus americanus,Malvaceae
760,761,0,Heliocarpus popayanensis,Malvaceae
761,762,0,Heritiera borneensis,Malvaceae
762,763,0,Heritiera densiflora,Malvaceae
763,764,0,Heritiera elata,Malvaceae
764,765,0,Heritiera javanica,Malvaceae
765,766,0,Heritiera littoralis,Malvaceae
766,767,0,Heritiera ornithocephala,Malvaceae
767,768,0,Heritiera simplicifolia,Malvaceae
768,769,0,Hevea brasiliensis,Euphorbiaceae
769,770,0,Hibiscus elatus,Malvaceae
770,771,0,Hibiscus lasiococcus,Malvaceae
771,772,0,Hibiscus tilliaceus,Malvaceae
772,773,0,Hieronyma alchorneoides,Phyllanthaceae
773,774,0,Hieronyma oblonga,Phyllanthaceae
774,775,0,Holoptelea grandis,Ulmaceae
775,776,0,Homalium bhamoense,Salicaceae
776,777,0,Homalium foetidum,Salicaceae
777,778,0,Homalium le-testui,Salicaceae
778,779,0,Homalium longifolium,Salicaceae
779,780,0,Hopea acuminata,Dipterocarpaceae
780,781,0,Hopea beccariana,Dipterocarpaceae
781,782,0,Hopea dryobalanoides,Dipterocarpaceae
782,783,0,Hopea ferrea,Dipterocarpaceae
783,784,0,Hopea forbesii,Dipterocarpaceae
784,785,0,Hopea foxworthyi,Dipterocarpaceae
785,786,0,Hopea helferi,Dipterocarpaceae
786,787,0,Hopea iriana,Dipterocarpaceae
787,788,0,Hopea mengarawan,Dipterocarpaceae
788,789,0,Hopea nervosa,Dipterocarpaceae
789,790,0,Hopea nutans,Dipterocarpaceae
790,791,0,Hopea odorata,Dipterocarpaceae
791,792,0,Hopea sangal,Dipterocarpaceae
792,793,0,Hopea scaphula,Dipterocarpaceae
793,794,0,Hopea semicuneata,Dipterocarpaceae
794,795,0,Horsfieldia amygdalina,Myristicaceae
795,796,0,Horsfieldia brachiata,Myristicaceae
796,797,0,Horsfieldia bracteosa,Myristicaceae
797,798,0,Horsfieldia flocculosa,Myristicaceae
798,799,0,Horsfieldia glabra,Myristicaceae
799,800,0,Horsfieldia irya,Myristicaceae
800,801,0,Horsfieldia lauterbachii,Myristicaceae
801,802,0,Horsfieldia pilifera,Myristicaceae
802,803,0,Horsfieldia punctatifolia,Myristicaceae
803,804,0,Horsfieldia ralunensis,Myristicaceae
804,805,0,Horsfieldia spicata,Myristicaceae
805,806,0,Horsfieldia sucosa,Myristicaceae
806,807,0,Horsfieldia superba,Myristicaceae
807,808,0,Horsfieldia trifida,Myristicaceae
808,809,0,Horsfieldia wallichii,Myristicaceae
809,810,0,Huertea cubensis,Tapisciaceae
810,811,0,Humbertia madagascariensis,Convolvulaceae
811,812,0,Humiria balsamifera,Humiriaceae
812,813,0,Hura crepitans,Euphorbiaceae
813,814,0,Hura polyandra,Euphorbiaceae
814,815,0,Hymenaea courbaril,Leguminosae
815,816,0,Hymenaea intermedia,Leguminosae
816,817,0,Hymenolobium elatum,Leguminosae
817,818,0,Hymenolobium excelsum,Leguminosae
818,819,0,Hymenolobium flavum,Leguminosae
819,820,0,Hymenolobium petraeum,Leguminosae
820,821,0,Hypelate trifoliata,Sapindaceae
821,822,0,Ilex aggregata,Aquifoliaceae
822,823,0,Ilex amplifolia,Aquifoliaceae
823,824,0,Ilex anomala,Aquifoliaceae
824,825,0,Ilex aquifolium,Aquifoliaceae
825,826,0,Ilex boliviana,Aquifoliaceae
826,827,0,Ilex laurina,Aquifoliaceae
827,828,0,Ilex mitis,Aquifoliaceae
828,829,0,Ilex opaca,Aquifoliaceae
829,830,0,Ilex petiolaris,Aquifoliaceae
830,831,0,Ilex parviflora,Aquifoliaceae
831,832,0,Inga alba,Leguminosae
832,833,0,Inga pezizifera,Leguminosae
833,834,0,Intsia bijuga,Leguminosae
834,835,0,Intsia palembanica,Leguminosae
835,836,0,Irvingia gabonensis,Irvingiaceae
836,837,0,Irvingia grandifolia,Irvingiaceae
837,838,0,Irvingia malayana,Irvingiaceae
838,839,0,Isoberlinia doka,Leguminosae
839,840,0,Isoberlinia scheffleri,Leguminosae
840,841,0,Jacaranda acutifolia,Bignoniaceae
841,842,0,Jacaranda caroba,Bignoniaceae
842,843,0,Jacaranda copaia,Bignoniaceae
843,844,0,Jacaranda cuspidifolia,Bignoniaceae
844,845,0,Jacaranda micrantha,Bignoniaceae
845,846,0,Jacaranda mimosifolia,Bignoniaceae
846,847,0,Jacaranda obtusifolia rhombifolia,Bignoniaceae
847,848,0,Jacaranda rhombifolia,Bignoniaceae
848,849,0,Jacaranda obtusifolia,Bignoniaceae
849,850,0,Jacaranda puberula,Bignoniaceae
850,851,0,Jacaranda semiserrata,Bignoniaceae
851,852,0,Juglans australis,Juglandaceae
852,853,0,Juglans boliviana,Juglandaceae
853,854,0,Juglans cinerea,Juglandaceae
854,855,0,Juglans hindsii,Juglandaceae
855,856,0,Juglans jamaicensis,Juglandaceae
856,857,0,Juglans neotropica,Juglandaceae
857,858,0,Juglans nigra,Juglandaceae
858,859,0,Juglans olanchana,Juglandaceae
859,860,0,Juglans regia,Juglandaceae
860,861,0,Julbernardia globiflora,Leguminosae
861,862,0,Julbernardia pellegriniana,Leguminosae
862,863,0,Kalmia latifolia,Ericaceae
863,864,0,Kalopanax septemlobus,Araliaceae
864,865,0,Khaya anthotheca,Meliaceae
865,866,0,Khaya grandifoliola,Meliaceae
866,867,0,Khaya ivorensis,Meliaceae
867,868,0,Khaya nyasica,Meliaceae
868,869,0,Khaya senegalensis,Meliaceae
869,870,0,Kigelia africana,Bignoniaceae
870,871,0,Kigelia pinnata,Bignoniaceae
871,872,0,Klainedoxa gabonensis,Irvingiaceae
872,873,0,Knema conferta,Myristicaceae
873,874,0,Kokoona littoralis,Celastraceae
874,875,0,Kokoona reflexa,Celastraceae
875,876,0,Koompassia excelsa,Leguminosae
876,877,0,Koompassia malaccensis,Leguminosae
877,878,0,Koordersiodendron pinnatum,Anacardiaceae
878,879,0,Krugiodendron ferreum,Rhamnaceae
879,880,0,Lagerstroemia angustifolia,Lythraceae
880,881,0,Lagerstroemia balansae,Lythraceae
881,882,0,Lagerstroemia calyculata,Lythraceae
882,883,0,Lagerstroemia cochinchinensis,Lythraceae
883,884,0,Lagerstroemia duppereana,Lythraceae
884,885,0,Lagerstroemia floribunda,Lythraceae
885,886,0,Lagerstroemia hypoleuca,Lythraceae
886,887,0,Lagerstroemia ovalifolia,Lythraceae
887,888,0,Lagerstroemia piriformis,Lythraceae
888,889,0,Lagerstroemia speciosa,Lythraceae
889,890,0,Lagerstroemia tomentosa,Lythraceae
890,891,0,Lannea coromandelica,Anacardiaceae
891,892,0,Lannea grandis,Anacardiaceae
892,893,0,Lannea welwitschii,Anacardiaceae
893,894,0,Laurelia novae-zelandiae,Atherospermataceae
894,895,0,Laurelia sempervirens,Atherospermataceae
895,896,0,Laureliopsis philippiana,Atherospermataceae
896,897,0,Lecythis lurida,Lecythidaceae
897,898,0,Lemurophoenix halleuxii,Arecaceae
898,899,0,Letestua durissima,Sapotaceae
899,900,0,Leucaena pulverulenta,Leguminosae
900,901,0,Leucaena trichodes,Leguminosae
901,902,0,Licania divaricata,Chrysobalanaceae
902,903,0,Licania heteromorpha,Chrysobalanaceae
903,904,0,Licania hypoleuca,Chrysobalanaceae
904,905,0,Licania macrophylla,Chrysobalanaceae
905,906,0,Licania platypus,Chrysobalanaceae
906,907,0,Licania sparsipilis,Chrysobalanaceae
907,908,0,Licaria canella,Lauraceae
908,909,0,Licaria capitata,Chrysobalanaceae
909,910,0,Licaria subbullata,Lauraceae
910,911,0,Liquidambar formosana,Altingiaceae
911,912,0,Liquidambar styraciflua,Altingiaceae
912,913,0,Liriodendron tulipifera,Magnoliaceae
913,914,0,Lithocarpus amygdalifolius,Fagaceae
914,915,0,Lithocarpus cyrtorhyncha,Fagaceae
915,916,0,Lithocarpus daphnoideus,Fagaceae
916,917,0,Lithocarpus henryi,Fagaceae
917,918,0,Lithocarpus solerianus,Fagaceae
918,919,0,Lithocarpus vinkii,Fagaceae
919,920,0,Litsea ferruginea,Lauraceae
920,921,0,Litsea reticulata,Lauraceae
921,922,0,Lonchocarpus castilloi,Leguminosae
922,923,0,Lonchocarpus leucanthus,Leguminosae
923,924,0,Lophira alata,Ochnaceae
924,925,0,Lophopetalum beccarianum,Celastraceae
925,926,0,Lophopetalum duperreanum,Celastraceae
926,927,0,Lophopetalum floribundum,Celastraceae
927,928,0,Lophopetalum javanum,Celastraceae
928,929,0,Lophopetalum multinervium,Celastraceae
929,930,0,Lophopetalum pachyphyllum,Celastraceae
930,931,0,Lophopetalum pallidum,Celastraceae
931,932,0,Lophopetalum rigidum,Celastraceae
932,933,0,Lophopetalum subobovatum,Celastraceae
933,934,0,Lophopetalum wightianum,Celastraceae
934,935,0,Lovoa brownii,Meliaceae
935,936,0,Lovoa swynnertonii,Meliaceae
936,937,0,Lovoa trichilioides,Meliaceae
937,938,0,Loxopterygium sagotii,Anacardiaceae
938,939,0,Luehea divaricata,Malvaceae
939,940,0,Lysiloma latisiliquum,Leguminosae
940,941,0,Machaerium scleroxylon,Leguminosae
941,942,0,Machaerium villosum,Leguminosae
942,943,0,Maclura pomifera,Moraceae
943,944,0,Maclura tinctoria,Moraceae
944,945,0,Macrolobium acaciifolium,Leguminosae
945,946,0,Macrolobium bifolium,Leguminosae
946,947,0,Madhuca aspera,Sapotaceae
947,948,0,Madhuca bejaudii,Sapotaceae
948,949,0,Madhuca betis,Sapotaceae
949,950,0,Madhuca lanceolata,Sapotaceae
950,951,0,Madhuca longifolia,Sapotaceae
951,952,0,Madhuca latifolia,Sapotaceae
952,953,0,Madhuca longifolia,Sapotaceae
953,954,0,Madhuca malaccensis,Sapotaceae
954,955,0,Madhuca motleyana,Sapotaceae
955,956,0,Madhuca neriifolia,Sapotaceae
956,957,0,Madhuca pasquieri,Sapotaceae
957,958,0,Madhuca philippinensis,Sapotaceae
958,959,0,Madhuca pierrei,Sapotaceae
959,960,0,Madhuca sericera,Sapotaceae
960,961,0,Madhuca utilis,Sapotaceae
961,962,0,Maesopsis eminii,Rhamnaceae
962,963,0,Magnolia acuminata,Magnoliaceae
963,964,0,Magnolia grandiflora,Magnoliaceae
964,965,0,Magnolia pubescens,Magnoliaceae
965,966,0,Magnolia sororum,Magnoliaceae
966,967,0,Magnolia tsiampacca Mollis,Magnoliaceae
967,968,0,Elmerrillia mollis,Magnoliaceae
968,969,0,Magnolia tsiampacca,Magnoliaceae
969,970,0,Magnolia virginiana,Magnoliaceae
970,971,0,Magnolia vrieseana,Magnoliaceae
971,972,0,Elmerrillia ovalis,Magnoliaceae
972,973,0,Magnolia yoroconte,Magnoliaceae
973,974,0,Malus domestica,Rosaceae
974,975,0,Malus pumila,Rosaceae
975,976,0,Malus sylvestris,Rosaceae
976,977,0,Mammea africana,Calophyllaceae
977,978,0,Mammea americana,Calophyllaceae
978,979,0,Mangifera altissima,Anacardiaceae
979,980,0,Mangifera caloneura,Anacardiaceae
980,981,0,Mangifera foetida,Anacardiaceae
981,982,0,Mangifera indica,Anacardiaceae
982,983,0,Mangifera mucronulata,Anacardiaceae
983,984,0,Mangifera salomonensis,Anacardiaceae
984,985,0,Manilkara bidentata,Sapotaceae
985,986,0,Manilkara celebica,Sapotaceae
986,987,0,Manilkara fasciculata,Sapotaceae
987,988,0,Manilkara hexandra,Sapotaceae
988,989,0,Manilkara huberi,Sapotaceae
989,990,0,Manilkara kanosiensis,Sapotaceae
990,991,0,Manilkara kauki,Sapotaceae
991,992,0,Manilkara zapota,Sapotaceae
992,993,0,Mansonia altissima,Malvaceae
993,994,0,Maquira sclerophylla,Moraceae
994,995,0,Marmaroxylon racemosum,Leguminosae
995,996,0,Marojejya darianii,Arecaceae
996,997,0,Martiodendron excelsum,Leguminosae
997,998,0,Martiodendron parviflorum,Leguminosae
998,999,0,Melaleuca leucadendra,Myrtaceae
999,1000,0,Melaleuca quinquenervia,Myrtaceae
1000,1001,0,Melanoxylon brauna,Leguminosae
1001,1002,0,Melia azedarach,Meliaceae
1002,1003,0,Mesua ferrea,Calophyllaceae
1003,1004,0,Metopium brownei,Anacardiaceae
1004,1005,0,Mezilaurus ita-uba,Lauraceae
1005,1006,0,Mezilaurus lindaviana,Lauraceae
1006,1007,0,Mezilaurus navalium,Lauraceae
1007,1008,0,Mezzettia parviflora,Annonaceae
1008,1009,0,Microberlinia bisulcata,Leguminosae
1009,1010,0,Microberlinia brazzavillensis,Leguminosae
1010,1011,0,Micropholis gardneriana,Sapotaceae
1011,1012,0,Micropholis guyanensis,Sapotaceae
1012,1013,0,Micropholis melinoniana,Sapotaceae
1013,1014,0,Micropholis venulosa,Sapotaceae
1014,1015,0,Mildbraediodendron excelsum,Leguminosae
1015,1016,0,Milicia excelsa,Moraceae
1016,1017,0,Milicia regia,Moraceae
1017,1018,0,Millettia laurentii,Leguminosae
1018,1019,0,Millettia leucantha,Leguminosae
1019,1020,0,Millettia stuhlmannii,Leguminosae
1020,1021,0,Mimusops elengi,Sapotaceae
1021,1022,0,Minquartia guianensis,Olacaceae
1022,1023,0,Mitragyna parvifolia,Rubiaceae
1023,1024,0,Mora excelsa,Leguminosae
1024,1025,0,Mora gonggrijpii,Leguminosae
1025,1026,0,Moringa oleifera,Moringaceae
1026,1027,0,Morus alba,Moraceae
1027,1028,0,Morus mesozygia,Moraceae
1028,1029,0,Morus nigra,Moraceae
1029,1030,0,Morus rubra,Moraceae
1030,1031,0,Mouriri huberi,Melastomataceae
1031,1032,0,Musanga cecropioides,Urticaceae
1032,1033,0,Myrcianthes pungens,Myrtaceae
1033,1034,0,Myristica buchneriana,Myristicaceae
1034,1035,0,Myristica chartacea,Myristicaceae
1035,1036,0,Myristica elliptica,Myristicaceae
1036,1037,0,Myristica gigantea,Myristicaceae
1037,1038,0,Myristica hypargyraea,Myristicaceae
1038,1039,0,Myristica iners,Myristicaceae
1039,1040,0,Myristica lowiana,Myristicaceae
1040,1041,0,Myristica maingayi,Myristicaceae
1041,1042,0,Myristica maxima,Myristicaceae
1042,1043,0,Myristica simiarum,Myristicaceae
1043,1044,0,Myrocarpus fastigiatus,Leguminosae
1044,1045,0,Myrocarpus frondosus,Leguminosae
1045,1046,0,Myroxylon balsamum,Leguminosae
1046,1047,0,Myroxylon peruiferum,Leguminosae
1047,1048,0,Nauclea diderrichii,Rubiaceae
1048,1049,0,Nauclea orientalis,Rubiaceae
1049,1050,0,Nectandra lanceolata,Lauraceae
1050,1051,0,Nectandra megapotamica,Lauraceae
1051,1052,0,Neobalanocarpus heimii,Dipterocarpaceae
1052,1053,0,Neolamarckia cadamba,Rubiaceae
1053,1054,0,Neonauclea calycina,Rubiaceae
1054,1055,0,Nephelium lappaceum,Sapindaceae
1055,1056,0,Nesogordonia papaverifera,Malvaceae
1056,1057,0,Newtonia buchananii,Leguminosae
1057,1058,0,Nothaphoebe elata,Lauraceae
1058,1059,0,Nothaphoebe kingiana,Lauraceae
1059,1060,0,Nothaphoebe panduriformis,Lauraceae
1060,1061,0,Nothaphoebe spathulata,Lauraceae
1061,1062,0,Nothaphoebe umbelliflora,Lauraceae
1062,1063,0,Nothofagus alpina,Nothofagaceae
1063,1064,0,Nothofagus cunninghamii,Nothofagaceae
1064,1065,0,Nothofagus dombeyi,Nothofagaceae
1065,1066,0,Nothofagus menziesii,Nothofagaceae
1066,1067,0,Nothofagus obliqua,Nothofagaceae
1067,1068,0,Nothofagus pumilio,Nothofagaceae
1068,1069,0,Notholithocarpus densiflorus,Fagaceae
1069,1070,0,Nyssa aquatica,Cornaceae
1070,1071,0,Nyssa ogeche,Cornaceae
1071,1072,0,Nyssa sylvatica,Cornaceae
1072,1073,0,Ochanostachys amentacea,Olacaceae
1073,1074,0,Ochroma pyramidale,Malvaceae
1074,1075,0,Ocotea comoriensis,Lauraceae
1075,1076,0,Ocotea porosa,Lauraceae
1076,1077,0,Ocotea puberula,Lauraceae
1077,1078,0,Ocotea thouvenotii,Lauraceae
1078,1079,0,Ocotea usambarensis,Lauraceae
1079,1080,0,Octomeles sumatrana,Tetramelaceae 
1080,1081,0,Oenocarpus bataua,Arecaceae
1081,1082,0,Oldfieldia africana,Picrodendraceae
1082,1083,0,Olea capensis,Oleaceae
1083,1084,0,Olea europaea,Oleaceae
1084,1085,0,Olea welwitschii,Oleaceae
1085,1086,0,Olneya tesota,Leguminosae
1086,1087,0,Ongokea gore,Olacaceae
1087,1088,0,Ormosia coccinea,Leguminosae
1088,1089,0,Ormosia coutinhoi,Leguminosae
1089,1090,0,Ormosia monosperma,Leguminosae
1090,1091,0,Ormosia nobilis,Leguminosae
1091,1092,0,Ormosia paraensis,Leguminosae
1092,1093,0,Ostrya virginiana,Betulaceae
1093,1094,0,Oxandra lanceolata,Annonaceae
1094,1095,0,Oxydendrum arboreum,Ericaceae
1095,1096,0,Oxystigma buchholzii,Leguminosae
1096,1097,0,Oxystigma gilbertii,Leguminosae
1097,1098,0,Oxystigma mannii,Leguminosae
1098,1099,0,Oxystigma oxyphyllum,Leguminosae
1099,1100,0,Pachira quinata,Malvaceae
1100,1101,0,Palaquium ellipticum,Sapotaceae
1101,1102,0,Palaquium fidjiense,Sapotaceae
1102,1103,0,Palaquium gutta,Sapotaceae
1103,1104,0,Palaquium hexandrum,Sapotaceae
1104,1105,0,Palaquium hispidum,Sapotaceae
1105,1106,0,Palaquium hornei,Sapotaceae
1106,1107,0,Palaquium impressionervium,Sapotaceae
1107,1108,0,Palaquium maingayi,Sapotaceae
1108,1109,0,Palaquium obovatum,Sapotaceae
1109,1110,0,Palaquium philippense,Sapotaceae
1110,1111,0,Palaquium regina-montium,Sapotaceae
1111,1112,0,Palaquium rostratum,Sapotaceae
1112,1113,0,Palaquium semaram,Sapotaceae
1113,1114,0,Palaquium sumatranum,Sapotaceae
1114,1115,0,Palaquium walsurifolium,Sapotaceae
1115,1116,0,Parapiptadenia rigida,Leguminosae
1116,1117,0,Parashorea aptera,Dipterocarpaceae
1117,1118,0,Parashorea densiflora,Dipterocarpaceae
1118,1119,0,Parashorea lucida,Dipterocarpaceae
1119,1120,0,Parashorea macrophylla,Dipterocarpaceae
1120,1121,0,Parashorea malaanonan,Dipterocarpaceae
1121,1122,0,Parashorea parvifolia,Dipterocarpaceae
1122,1123,0,Parashorea plicata,Dipterocarpaceae
1123,1124,0,Parashorea smythiesii,Dipterocarpaceae
1124,1125,0,Parashorea tomentella,Dipterocarpaceae
1125,1126,0,Paratecoma peroba,Bignoniaceae
1126,1127,0,Parinari campestris,Chrysobalanaceae
1127,1128,0,Parinari curatellifolia,Chrysobalanaceae
1128,1129,0,Parinari excelsa,Chrysobalanaceae
1129,1130,0,Parishia insignis,Anacardiaceae
1130,1131,0,Parkia bicolor,Leguminosae
1131,1132,0,Parkia pendula,Leguminosae
1132,1133,0,Paulownia tomentosa,Paulowniaceae
1133,1134,0,Payena acuminata,Sapotaceae
1134,1135,0,Payena leerii,Sapotaceae
1135,1136,0,Payena lucida,Sapotaceae
1136,1137,0,Payena maingayi,Sapotaceae
1137,1138,0,Payena obscura,Sapotaceae
1138,1139,0,Peltogyne maranhensis,Leguminosae
1139,1140,0,Peltogyne paniculata,Leguminosae
1140,1141,0,Peltogyne paniculata pubescens,Leguminosae
1141,1142,0,Peltogyne paniculata,Leguminosae
1142,1143,0,Peltogyne porphyrocardia,Leguminosae
1143,1144,0,Peltogyne venosa,Leguminosae
1144,1145,0,Peltophorum dasyrhachis,Leguminosae
1145,1146,0,Peltophorum dubium,Leguminosae
1146,1147,0,Pentace adenophora,Malvaceae
1147,1148,0,Pentace burmanica,Malvaceae
1148,1149,0,Pentace curtisii,Malvaceae
1149,1150,0,Pentace laxiflora,Malvaceae
1150,1151,0,Pentace triptera,Malvaceae
1151,1152,0,Pentaclethra macroloba,Leguminosae
1152,1153,0,Pentaclethra macrophylla,Leguminosae
1153,1154,0,Pentacme contorta,Dipterocarpaceae
1154,1155,0,Pentadesma butyracea,Clusiaceae
1155,1156,0,Pera glabrata,Peraceae
1156,1157,0,Pericopsis elata,Leguminosae
1157,1158,0,Pericopsis mooniana,Leguminosae
1158,1159,0,Peronema canescens,Lamiaceae
1159,1160,0,Persea lingue,Lauraceae
1160,1161,0,Persea odoratissima,Lauraceae
1161,1162,0,Pertusadina eurhyncha,Rubiaceae
1162,1163,0,Petersianthus macrocarpus,Lecythidaceae
1163,1164,0,Phellodendron amurense,Rutaceae
1164,1165,0,Phoebe elongata,Lauraceae
1165,1166,0,Phoebe hainesiana,Lauraceae
1166,1167,0,Phyllarthron madagascariense,Bignoniaceae
1167,1168,0,Phyllostylon rhamnoides,Ulmaceae
1168,1169,0,Piptadeniastrum africanum,Leguminosae
1169,1170,0,Planchonella euphlebia,Sapotaceae
1170,1171,0,Planchonia papuana,Lecythidaceae
1171,1172,0,Planchonia valida,Lecythidaceae
1172,1173,0,Platanus acerifolia,Platanaceae
1173,1174,0,Platanus occidentalis,Platanaceae
1174,1175,0,Platanus orientalis,Platanaceae
1175,1176,0,Platanus hispanica,Platanaceae
1176,1177,0,Plathymenia reticulata,Leguminosae
1177,1178,0,Platonia insignis,Clusiaceae
1178,1179,0,Platymiscium pinnatum,Leguminosae
1179,1180,0,Platymiscium trinitatis,Leguminosae
1180,1181,0,Platymiscium ulei,Leguminosae
1181,1182,0,Platymiscium yucatanum,Leguminosae
1182,1183,0,Poga oleosa,Anisophylleaceae
1183,1184,0,Polyalthia fragrans,Annonaceae
1184,1185,0,Polyalthia oblongifolia,Annonaceae
1185,1186,0,Polyscias ornifolia,Araliaceae
1186,1187,0,Populus alba,Salicaceae
1187,1188,0,Populus balsamifera,Salicaceae
1188,1189,0,Populus canescens,Salicaceae
1189,1190,0,Populus ciliata,Salicaceae
1190,1191,0,Populus deltoides,Salicaceae
1191,1192,0,Populus grandidentata,Salicaceae
1192,1193,0,Populus heterophylla,Salicaceae
1193,1194,0,Populus nigra,Salicaceae
1194,1195,0,Populus tremula,Salicaceae
1195,1196,0,Populus tremuloides,Salicaceae
1196,1197,0,Populus trichocarpa,Salicaceae
1197,1198,0,Poulsenia armata,Moraceae
1198,1199,0,Pouteria alnifolia,Sapotaceae
1199,1200,0,Pouteria altissima,Sapotaceae
1200,1201,0,Pouteria izabalensis,Sapotaceae
1201,1202,0,Pouteria pierrei,Sapotaceae
1202,1203,0,Pradosia schomburgkiana,Sapotaceae
1203,1204,0,Prioria copaifera,Leguminosae
1204,1205,0,Prosopis africana,Leguminosae
1205,1206,0,Prosopis juliflora,Leguminosae
1206,1207,0,Prosopis nigra,Leguminosae
1207,1208,0,Protium altsonii,Burseraceae
1208,1209,0,Protium decandrum,Burseraceae
1209,1210,0,Protium sagotianum,Burseraceae
1210,1211,0,Prunus africana,Rosaceae
1211,1212,0,Prunus avium,Rosaceae
1212,1213,0,Prunus serotina,Rosaceae
1213,1214,0,Prunus turneriana,Rosaceae
1214,1215,0,Pseudobombax ellipticum,Malvaceae
1215,1216,0,Pseudopiptadenia pittieri,Leguminosae
1216,1217,0,Pseudopiptadenia psilostachya,Leguminosae
1217,1218,0,Pseudosindora palustris,Leguminosae
1218,1219,0,Psidium guajava,Myrtaceae
1219,1220,0,Ptaeroxylon obliquum,Rutaceae
1220,1221,0,Pteleopsis hylodendron,Combretaceae
1221,1222,0,Pteleopsis myrtifolia,Combretaceae
1222,1223,0,Pterocarpus acapulcensis,Leguminosae
1223,1224,0,Pterocarpus angolensis,Leguminosae
1224,1225,0,Pterocarpus dalbergioides,Leguminosae
1225,1226,0,Pterocarpus erinaceus,Leguminosae
1226,1227,0,Pterocarpus indicus,Leguminosae
1227,1228,0,Pterocarpus macrocarpus,Leguminosae
1228,1229,0,Pterocarpus marsupium,Leguminosae
1229,1230,0,Pterocarpus officinalis,Leguminosae
1230,1231,0,Pterocarpus rohrii,Leguminosae
1231,1232,0,Pterocarpus santalinus,Leguminosae
1232,1233,0,Pterocarpus soyauxii,Leguminosae
1233,1234,0,Pterocarpus tinctorius,Leguminosae
1234,1235,0,Pterocymbium beccarii,Malvaceae
1235,1236,0,Pterocymbium tinctorium,Malvaceae
1236,1237,0,Pterogyne nitens,Leguminosae
1237,1238,0,Pterospermum acerifolium,Malvaceae
1238,1239,0,Pterospermum canescens,Malvaceae
1239,1240,0,Pterospermum elongatum,Malvaceae
1240,1241,0,Pterospermum javanicum,Malvaceae
1241,1242,0,Pterygota alata,Malvaceae
1242,1243,0,Pterygota bequaertii,Malvaceae
1243,1244,0,Pterygota horsfieldii,Malvaceae
1244,1245,0,Pterygota macrocarpa,Malvaceae
1245,1246,0,Pycnanthus angolensis,Myristicaceae
1246,1247,0,Pyrus communis,Rosaceae
1247,1248,0,Qualea albiflora,Vochysiaceae
1248,1249,0,Qualea coerulea,Vochysiaceae
1249,1250,0,Qualea dinizii,Vochysiaceae
1250,1251,0,Qualea paraensis,Vochysiaceae
1251,1252,0,Qualea parviflora,Vochysiaceae
1252,1253,0,Qualea rosea,Vochysiaceae
1253,1254,0,Quercus acuta,Fagaceae
1254,1255,0,Quercus alba,Fagaceae
1255,1256,0,Quercus arkansana,Fagaceae
1256,1257,0,Quercus bicolor,Fagaceae
1257,1258,0,Quercus cerris,Fagaceae
1258,1259,0,Quercus chrysolepis,Fagaceae
1259,1260,0,Quercus coccinea,Fagaceae
1260,1261,0,Quercus dentata,Fagaceae
1261,1262,0,Quercus falcata,Fagaceae
1262,1263,0,Quercus garryana,Fagaceae
1263,1264,0,Quercus kelloggii,Fagaceae
1264,1265,0,Quercus lobata,Fagaceae
1265,1266,0,Quercus lyrata,Fagaceae
1266,1267,0,Quercus macrocarpa,Fagaceae
1267,1268,0,Quercus michauxii,Fagaceae
1268,1269,0,Quercus mongolica,Fagaceae
1269,1270,0,Quercus mongolica crispula,Fagaceae
1270,1271,0,Quercus mongolica,Fagaceae
1271,1272,0,Quercus montana,Fagaceae
1272,1273,0,Quercus muehlenbergii,Fagaceae
1273,1274,0,Quercus myrsinifolia,Fagaceae
1274,1275,0,Quercus palustris,Fagaceae
1275,1276,0,Quercus petraea,Fagaceae
1276,1277,0,Quercus phillyreoides,Fagaceae
1277,1278,0,Quercus robur,Fagaceae
1278,1279,0,Quercus rubra,Fagaceae
1279,1280,0,Quercus shumardii,Fagaceae
1280,1281,0,Quercus stellata,Fagaceae
1281,1282,0,Quercus velutina,Fagaceae
1282,1283,0,Quercus virginiana,Fagaceae
1283,1284,0,Rapanea melanophloeos,Primulaceae
1284,1285,0,Ravenea louvelii,Arecaceae
1285,1286,0,Ravenea rivularis,Arecaceae
1286,1287,0,Retrophyllum vitiense,Podocarpaceae
1287,1288,0,Rhamnus cathartica,Rhamnaceae
1288,1289,0,Rhizophora mangle,Rhizophoraceae
1289,1290,0,Rhodognaphalon brevicuspe,Malvaceae
1290,1291,0,Rhus typhina,Anacardiaceae
1291,1292,0,Ricinodendron heudelotii,Euphorbiaceae
1292,1293,0,Robinia pseudoacacia,Leguminosae
1293,1294,0,Roseodendron donnell-smithii,Bignoniaceae
1294,1295,0,Roupala cordifolia,Proteaceae
1295,1296,0,Roupala montana,Proteaceae
1296,1297,0,Roupala montana,Proteaceae
1297,1298,0,Roupala paraensis,Proteaceae
1298,1299,0,Sacoglottis cydonioides,Humiriaceae
1299,1300,0,Sacoglottis gabonensis,Humiriaceae
1300,1301,0,Sacoglottis guianensis,Humiriaceae
1301,1302,0,Salix alba,Salicaceae
1302,1303,0,Salix babylonica,Salicaceae
1303,1304,0,Salix caprea,Salicaceae
1304,1305,0,Salix cinerea,Salicaceae
1305,1306,0,Salix eleagnos,Salicaceae
1306,1307,0,Salix humboldtiana,Salicaceae
1307,1308,0,Salix nigra,Salicaceae
1308,1309,0,Salix purpurea,Salicaceae
1309,1310,0,Salix triandra,Salicaceae
1310,1311,0,Salix viminalis,Salicaceae
1311,1312,0,Sali fragilis,Salicaceae
1312,1313,0,Sandoricum koetjape,Meliaceae
1313,1314,0,Sandoricum vidalii,Meliaceae
1314,1315,0,Santalum album,Santalaceae
1315,1316,0,Santiria laevigata,Burseraceae
1316,1317,0,Sapium glandulosum,Euphorbiaceae
1317,1318,0,Sapium haematospermum,Euphorbiaceae
1318,1319,0,Sapium jenmannii,Euphorbiaceae
1319,1320,0,Sapium laurifolium,Euphorbiaceae
1320,1321,0,Sapium laurocerasus,Euphorbiaceae
1321,1322,0,Sapium marmieri,Euphorbiaceae
1322,1323,0,Sapium stylare,Euphorbiaceae
1323,1324,0,Sassafras albidum,Lauraceae
1324,1325,0,Satranala decussilvae,Arecaceae
1325,1326,0,Scaphium linearicarpum,Malvaceae
1326,1327,0,Scaphium longiflorum,Malvaceae
1327,1328,0,Scaphium longipetiolatum,Malvaceae
1328,1329,0,Scaphium macropodum,Malvaceae
1329,1330,0,Scaphium scaphigerum,Malvaceae
1330,1331,0,Schefflera decaphylla,Araliaceae
1331,1332,0,Schefflera morototoni,Araliaceae
1332,1333,0,Schima crenata,Theaceae
1333,1334,0,Schima noronhae,Theaceae
1334,1335,0,Schima wallichii,Theaceae
1335,1336,0,Schinopsis balansae,Anacardiaceae
1336,1337,0,Schinopsis lorentzii,Anacardiaceae
1337,1338,0,Schinopsis quebracho-colorado,Anacardiaceae
1338,1339,0,Schinus molle,Anacardiaceae
1339,1340,0,Schinziophyton rautanenii,Euphorbiaceae
1340,1341,0,Schizolobium amazonicum,Leguminosae
1341,1342,0,Schizolobium parahyba,Leguminosae
1342,1343,0,Sclerocroton integerrimus,Euphorbiaceae
1343,1344,0,Scleronema micranthum,Malvaceae
1344,1345,0,Scorodocarpus borneensis,Olacaceae
1345,1346,0,Scottellia coriacea,Achariaceae
1346,1347,0,Scottellia kamerunensis,Achariaceae
1347,1348,0,Scyphocephalium mannii,Myristicaceae
1348,1349,0,Scytopetalum tieghemii,Lecythidaceae
1349,1350,0,Senna siamea,Leguminosae
1350,1351,0,Serianthes myriadenia,Leguminosae
1351,1352,0,Sextonia rubra,Lauraceae
1352,1353,0,Shirakiopsis elliptica,Euphorbiaceae
1353,1354,0,Shirakiopsis indica,Euphorbiaceae
1354,1355,0,Shorea acuminata,Dipterocarpaceae
1355,1356,0,Shorea acuminatissima,Dipterocarpaceae
1356,1357,0,Shorea albida,Dipterocarpaceae
1357,1358,0,Shorea assamica,Dipterocarpaceae
1358,1359,0,Shorea atrinervosa,Dipterocarpaceae
1359,1360,0,Shorea balangeran,Dipterocarpaceae
1360,1361,0,Shorea balanocarpoides,Dipterocarpaceae
1361,1362,0,Shorea bracteolata,Dipterocarpaceae
1362,1363,0,Shorea brunnescens,Dipterocarpaceae
1363,1364,0,Shorea collina,Dipterocarpaceae
1364,1365,0,Shorea contorta,Dipterocarpaceae
1365,1366,0,Shorea crassa,Dipterocarpaceae
1366,1367,0,Shorea curtisii,Dipterocarpaceae
1367,1368,0,Shorea dasyphylla,Dipterocarpaceae
1368,1369,0,Shorea dealbata,Dipterocarpaceae
1369,1370,0,Shorea exelliptica,Dipterocarpaceae
1370,1371,0,Shorea faguetiana,Dipterocarpaceae
1371,1372,0,Shorea foxworthyi,Dipterocarpaceae
1372,1373,0,Shorea gibbosa,Dipterocarpaceae
1373,1374,0,Shorea glauca,Dipterocarpaceae
1374,1375,0,Shorea guiso,Dipterocarpaceae
1375,1376,0,Shorea havilandii,Dipterocarpaceae
1376,1377,0,Shorea hemsleyana,Dipterocarpaceae
1377,1378,0,Shorea hopeifolia,Dipterocarpaceae
1378,1379,0,Shorea hypochra,Dipterocarpaceae
1379,1380,0,Shorea javanica,Dipterocarpaceae
1380,1381,0,Shorea johorensis,Dipterocarpaceae
1381,1382,0,Shorea kalunti,Dipterocarpaceae
1382,1383,0,Shorea kunstleri,Dipterocarpaceae
1383,1384,0,Shorea laevifolia,Dipterocarpaceae
1384,1385,0,Shorea laevis,Dipterocarpaceae
1385,1386,0,Shorea lamellata,Dipterocarpaceae
1386,1387,0,Shorea lepidota,Dipterocarpaceae
1387,1388,0,Shorea leprosula,Dipterocarpaceae
1388,1389,0,Shorea leptoclados,Dipterocarpaceae
1389,1390,0,Shorea leptoderma,Dipterocarpaceae
1390,1391,0,Shorea longipetala,Dipterocarpaceae
1391,1392,0,Shorea macrantha,Dipterocarpaceae
1392,1393,0,Shorea macroptera,Dipterocarpaceae
1393,1394,0,Shorea materialis,Dipterocarpaceae
1394,1395,0,Shorea maxwelliana,Dipterocarpaceae
1395,1396,0,Shorea multiflora,Dipterocarpaceae
1396,1397,0,Shorea negrosensis,Dipterocarpaceae
1397,1398,0,Shorea ochrophloia,Dipterocarpaceae
1398,1399,0,Shorea ovaIis,Dipterocarpaceae
1399,1400,0,Shorea ovata,Dipterocarpaceae
1400,1401,0,Shorea parvifolia,Dipterocarpaceae
1401,1402,0,Shorea pauciflora,Dipterocarpaceae
1402,1403,0,Shorea plagata,Dipterocarpaceae
1403,1404,0,Shorea platyclados,Dipterocarpaceae
1404,1405,0,Shorea quadrinervis,Dipterocarpaceae
1405,1406,0,Shorea resina-nigra,Dipterocarpaceae
1406,1407,0,Shorea roxburghii,Dipterocarpaceae
1407,1408,0,Shorea rugosa,Dipterocarpaceae
1408,1409,0,Shorea seminis,Dipterocarpaceae
1409,1410,0,Shorea singkawang,Dipterocarpaceae
1410,1411,0,Shorea smithiana,Dipterocarpaceae
1411,1412,0,Shorea stellata,Dipterocarpaceae
1412,1413,0,Shorea submontana,Dipterocarpaceae
1413,1414,0,Shorea sumatrana,Dipterocarpaceae
1414,1415,0,Shorea superba,Dipterocarpaceae
1415,1416,0,Sideroxylon obtusifolium,Sapotaceae
1416,1417,0,Simarouba amara,Simaroubaceae
1417,1418,0,Simira salvadorensis,Rubiaceae
1418,1419,0,Sindora bruggemanii,Leguminosae
1419,1420,0,Sindora coriacea,Leguminosae
1420,1421,0,Sindora javanica,Leguminosae
1421,1422,0,Sindora leiocarpa,Leguminosae
1422,1423,0,Sindora siamensis,Leguminosae
1423,1424,0,Sindora supa,Leguminosae
1424,1425,0,Sindora velutina,Leguminosae
1425,1426,0,Sindora wallichii,Leguminosae
1426,1427,0,Sinopodophyllum hexandrum,Berberidaceae
1427,1428,0,Siphonodon australis,Celastraceae
1428,1429,0,Sorbus aria,Rosaceae
1429,1430,0,Sorbus aucuparia,Rosaceae
1430,1431,0,Sorbus intermedia,Rosaceae
1431,1432,0,Sorbus torminalis,Rosaceae
1432,1433,0,Spathodea campanulata,Bignoniaceae
1433,1434,0,Spirostachys africana,Euphorbiaceae
1434,1435,0,Spondias mombin,Anacardiaceae
1435,1436,0,Staudtia kamerunensis,Myristicaceae
1436,1437,0,Staudtia kamerunensis,Myristicaceae
1437,1438,0,Staudtia gabonensis,Myristicaceae
1438,1439,0,Sterculia apetala,Malvaceae
1439,1440,0,Sterculia ceramica,Malvaceae
1440,1441,0,Sterculia conwentzii,Malvaceae
1441,1442,0,Sterculia oblonga,Malvaceae
1442,1443,0,Sterculia pruriens,Malvaceae
1443,1444,0,Sterculia rhinopetala,Malvaceae
1444,1445,0,Sterculia rugosa,Malvaceae
1445,1446,0,Sterculia vitiensis,Malvaceae
1446,1447,0,Strombosia glaucescens,Olacaceae
1447,1448,0,Strombosia pustulata,Olacaceae
1448,1449,0,Swartzia benthamiana,Leguminosae
1449,1450,0,Swartzia cubensis,Leguminosae
1450,1451,0,Swartzia leiocalycina,Leguminosae
1451,1452,0,Swartzia panacoco,Leguminosae
1452,1453,0,Sweetia fruticosa,Leguminosae
1453,1454,0,Swietenia humilis,Meliaceae
1454,1455,0,Swietenia macrophylla,Meliaceae
1455,1456,0,Swietenia mahagoni,Meliaceae
1456,1457,0,Swintonia floribunda,Anacardiaceae
1457,1458,0,Swintonia schwenckii,Anacardiaceae
1458,1459,0,Swintonia spicifera,Anacardiaceae
1459,1460,0,Sympetalandra densiflora,Leguminosae
1460,1461,0,Symphonia globulifera,Clusiaceae
1461,1462,0,Symplocos martinicensis,Symplocaceae
1462,1463,0,Syncarpia glomulifera,Myrtaceae
1463,1464,0,Syringa vulgaris,Oleaceae
1464,1465,0,Syzygium buettnerianum,Myrtaceae
1465,1466,0,Syzygium cumini,Myrtaceae
1466,1467,0,Syzygium dyerianum,Myrtaceae
1467,1468,0,Syzygium eugenioides,Myrtaceae
1468,1469,0,Syzygium kuranda,Myrtaceae
1469,1470,0,Syzygium suborbiculare,Myrtaceae
1470,1471,0,Tabebuia insignis,Bignoniaceae
1471,1472,0,Tabebuia pallida,Bignoniaceae
1472,1473,0,Tabebuia rosea,Bignoniaceae
1473,1474,0,Tachigali myrmecophila,Leguminosae
1474,1475,0,Tachigali paniculata,Leguminosae
1475,1476,0,Tamarindus indica,Leguminosae
1476,1477,0,Tambourissa thouvenotii,Monimiaceae
1477,1478,0,Tapirira guianensis,Anacardiaceae
1478,1479,0,Tarrietia densiflora,Malvaceae
1479,1480,0,Tarrietia sylvatica,Malvaceae
1480,1481,0,Tarrietia utilis,Malvaceae
1481,1482,0,Tectona grandis,Lamiaceae
1482,1483,0,Terminalia alata,Combretaceae
1483,1484,0,Terminalia amazonia,Combretaceae
1484,1485,0,Terminalia arjuna,Combretaceae
1485,1486,0,Terminalia bellirica,Combretaceae
1486,1487,0,Terminalia bialata,Combretaceae
1487,1488,0,Terminalia brassii,Combretaceae
1488,1489,0,Terminalia calamansanay,Combretaceae
1489,1490,0,Terminalia catappa,Combretaceae
1490,1491,0,Terminalia celebica,Combretaceae
1491,1492,0,Terminalia chebula,Combretaceae
1492,1493,0,Terminalia complanata,Combretaceae
1493,1494,0,Terminalia guyanensis,Combretaceae
1494,1495,0,Terminalia ivorensis,Combretaceae
1495,1496,0,Terminalia macroptera,Combretaceae
1496,1497,0,Terminalia microcarpa,Combretaceae
1497,1498,0,Terminalia nitens,Combretaceae
1498,1499,0,Terminalia oblonga,Combretaceae
1499,1500,0,Terminalia paniculata,Combretaceae
1500,1501,0,Terminalia procera,Combretaceae
1501,1502,0,Terminalia solomonensis,Combretaceae
1502,1503,0,Terminalia superba,Combretaceae
1503,1504,0,Terminalia tomentosa,Combretaceae
1504,1505,0,Tessmannia africana,Leguminosae
1505,1506,0,Testulea gabonensis,Ochnaceae
1506,1507,0,Tetraberlinia bifoliolata,Leguminosae
1507,1508,0,Tetraberlinia tubmaniana,Leguminosae
1508,1509,0,Tetragastris altissima,Burseraceae
1509,1510,0,Tetragastris panamensis,Burseraceae
1510,1511,0,Tetrameles nudiflora,Tetramelaceae 
1511,1512,0,Tetramerista glabra,Tetrameristaceae
1512,1513,0,Tetrapleura tetraptera,Leguminosae
1513,1514,0,Thespesia populnea,Malvaceae
1514,1515,0,Tieghemella africana,Sapotaceae
1515,1516,0,Tieghemella heckelii,Sapotaceae
1516,1517,0,Tilia americana,Malvaceae
1517,1518,0,Tilia cordata,Malvaceae
1518,1519,0,Tilia glabra,Malvaceae
1519,1520,0,Tilia platyphyllos,Malvaceae
1520,1521,0,Tilia europaea,Malvaceae
1521,1522,0,Tipuana tipu,Leguminosae
1522,1523,0,Toona calantas,Meliaceae
1523,1524,0,Toona ciliata,Meliaceae
1524,1525,0,Toona sureni,Meliaceae
1525,1526,0,Trema orientalis,Cannabaceae
1526,1527,0,Triadica cochinchinensis,Euphorbiaceae
1527,1528,0,Triplaris weigeltiana,Polygonaceae
1528,1529,0,Triplochiton scleroxylon,Malvaceae
1529,1530,0,Tristaniopsis decorticata,Myrtaceae
1530,1531,0,Trochodendron aralioides,Trochodendraceae
1531,1532,0,Turpinia ovalifolia,Staphyleaceae
1532,1533,0,Turraeanthus africana,Meliaceae
1533,1534,0,Uapaca guineensis,Phyllanthaceae
1534,1535,0,Uapaca heudelotii,Phyllanthaceae
1535,1536,0,Ulmus alata,Ulmaceae
1536,1537,0,Ulmus americana,Ulmaceae
1537,1538,0,Ulmus campestris,Ulmaceae
1538,1539,0,Ulmus crassifolia,Ulmaceae
1539,1540,0,Ulmus glabra,Ulmaceae
1540,1541,0,Ulmus hollandica,Ulmaceae
1541,1542,0,Ulmus laevis,Ulmaceae
1542,1543,0,Ulmus minor,Ulmaceae
1543,1544,0,Ulmus pumila,Ulmaceae
1544,1545,0,Ulmus rubra,Ulmaceae
1545,1546,0,Ulmus thomasii,Ulmaceae
1546,1547,0,Umbellularia californica,Lauraceae
1547,1548,0,Upuna borneensis,Dipterocarpaceae
1548,1549,0,Vatairea guianensis,Leguminosae
1549,1550,0,Vatica rassak,Dipterocarpaceae
1550,1551,0,Vatica scaphula,Dipterocarpaceae
1551,1552,0,Vatica tonkinensis,Dipterocarpaceae
1552,1553,0,Virola albidiflora,Myristicaceae
1553,1554,0,Virola carinata,Myristicaceae
1554,1555,0,Virola elongata,Myristicaceae
1555,1556,0,Virola flexuosa,Myristicaceae
1556,1557,0,Virola gardneri,Myristicaceae
1557,1558,0,Virola koschnyi,Myristicaceae
1558,1559,0,Virola michelii,Myristicaceae
1559,1560,0,Virola multicostata,Myristicaceae
1560,1561,0,Virola pavonis,Myristicaceae
1561,1562,0,Virola sebifera,Myristicaceae
1562,1563,0,Virola surinamensis,Myristicaceae
1563,1564,0,Vitex cofassus,Lamiaceae
1564,1565,0,Vitex doniana,Lamiaceae
1565,1566,0,Vitex gaumeri,Lamiaceae
1566,1567,0,Vitex glabrata,Lamiaceae
1567,1568,0,Vitex micrantha,Lamiaceae
1568,1569,0,Vitex parviflora,Lamiaceae
1569,1570,0,Vitex phaeotricha,Lamiaceae
1570,1571,0,Vitex pinnata,Lamiaceae
1571,1572,0,Vitex quinata,Lamiaceae
1572,1573,0,Vitex triflora,Lamiaceae
1573,1574,0,Vitex turczaninowii,Lamiaceae
1574,1575,0,Vitex vestita,Lamiaceae
1575,1576,0,Vochysia citrifolia,Vochysiaceae
1576,1577,0,Vochysia densiflora,Vochysiaceae
1577,1578,0,Vochysia divergens,Vochysiaceae
1578,1579,0,Vochysia diversa,Vochysiaceae
1579,1580,0,Vochysia duquei,Vochysiaceae
1580,1581,0,Vochysia ferruginea,Vochysiaceae
1581,1582,0,Vochysia guatemalensis,Vochysiaceae
1582,1583,0,Vochysia guianensis,Vochysiaceae
1583,1584,0,Vochysia lanceolata,Vochysiaceae
1584,1585,0,Vochysia leguiana,Vochysiaceae
1585,1586,0,Vochysia lehmannii,Vochysiaceae
1586,1587,0,Vochysia maxima,Vochysiaceae
1587,1588,0,Vochysia obidensis,Vochysiaceae
1588,1589,0,Vochysia obscura,Vochysiaceae
1589,1590,0,Vochysia schomburgkii,Vochysiaceae
1590,1591,0,Vochysia tetraphylla,Vochysiaceae
1591,1592,0,Vochysia tomentosa,Vochysiaceae
1592,1593,0,Vouacapoua americana,Leguminosae
1593,1594,0,Vouacapoua macropetala,Leguminosae
1594,1595,0,Wallaceodendron celebicum,Leguminosae
1595,1596,0,Warburgia ugandensis,Canellaceae
1596,1597,0,Weinmannia trichosperma,Cunoniaceae
1597,1598,0,Wrightia arborea,Apocynaceae
1598,1599,0,Wrightia pubescens,Apocynaceae
1599,1600,0,Xanthophyllum excelsum,Polygalaceae
1600,1601,0,Xanthophyllum papuanum,Polygalaceae
1601,1602,0,Xylia xylocarpa,Leguminosae
1602,1603,0,Xylocarpus granatum,Meliaceae
1603,1604,0,Xylocarpus moluccensis,Meliaceae
1604,1605,0,Zanthoxylum caribaeum,Rutaceae
1605,1606,0,Zanthoxylum flavum,Rutaceae
1606,1607,0,Zanthoxylum gilletii,Rutaceae
1607,1608,0,Zanthoxylum heitzii,Rutaceae
1608,1609,0,Zanthoxylum rhetsa,Rutaceae
1609,1610,0,Zanthoxylum riedelianum,Rutaceae
1610,1611,0,Zelkova serrata,Ulmaceae
1611,1612,0,Zollernia paraensis,Leguminosae
1612,1613,0,Zygia racemosa,Leguminosae
1613,1614,1,Agathis alba,Araucariaceae
1614,1615,1,Agathis australis,Araucariaceae
1615,1616,1,Agathis borneensis,Araucariaceae
1616,1617,1,Agathis dammara,Araucariaceae
1617,1618,1,Agathis macrophylla,Araucariaceae
1618,1619,1,Agathis moorei,Araucariaceae
1619,1620,1,Agathis philippinensis,Araucariaceae
1620,1621,1,Agathis robusta,Araucariaceae
1621,1622,1,Araucaria angustifolia,Araucariaceae
1622,1623,1,Araucaria araucana,Araucariaceae
1623,1624,1,Araucaria bidwillii,Araucariaceae
1624,1625,1,Araucaria columnaris,Araucariaceae
1625,1626,1,Araucaria cunninghamii,Araucariaceae
1626,1627,1,Araucaria hunsteinii,Araucariaceae
1627,1628,1,Callitris columellaris,Cupressaceae
1628,1629,1,Callitris endlicheri,Cupressaceae
1629,1630,1,Calocedrus decurrens,Cupressaceae
1630,1631,1,Chamaecyparis lawsoniana,Cupressaceae
1631,1632,1,Chamaecyparis thyoides,Cupressaceae
1632,1633,1,Cryptomeria japonica,Cupressaceae
1633,1634,1,Cunninghamia lanceolata,Cupressaceae
1634,1635,1,Cupressus lusitanica,Cupressaceae
1635,1636,1,Cupressus macnabiana,Cupressaceae
1636,1637,1,Cupressus macrocarpa,Cupressaceae
1637,1638,1,Cupressus nootkatensis,Cupressaceae
1638,1639,1,Cupressus sempervirens,Cupressaceae
1639,1640,1,Cupressus torulosa,Cupressaceae
1640,1641,1,Fitzroya cupressoides,Cupressaceae
1641,1642,1,Juniperus deppeana,Cupressaceae
1642,1643,1,Juniperus occidentalis,Cupressaceae
1643,1644,1,Juniperus oxycedrus,Cupressaceae
1644,1645,1,Juniperus procera,Cupressaceae
1645,1646,1,Juniperus virginiana,Cupressaceae
1646,1647,1,Pilgerodendron uviferum,Cupressaceae
1647,1648,1,Platycladus orientalis,Cupressaceae
1648,1649,1,Sequoia sempervirens,Cupressaceae
1649,1650,1,Sequoiadendron gigantum,Cupressaceae
1650,1651,1,Taxodium distichum,Cupressaceae
1651,1652,1,Tetraclinis articulata,Cupressaceae
1652,1653,1,Thuja occidentalis,Cupressaceae
1653,1654,1,Thuja plicata,Cupressaceae
1654,1655,1,Widdringtonia whytei,Cupressaceae
1655,1656,1,Abies alba,Pinaceae
1656,1657,1,Abies amabilis,Pinaceae
1657,1658,1,Abies balsamea,Pinaceae
1658,1659,1,Abies bracteata,Pinaceae
1659,1660,1,Abies concolor,Pinaceae
1660,1661,1,Abies grandis,Pinaceae
1661,1662,1,Abies guatemalensis,Pinaceae
1662,1663,1,Abies lasiocarpa,Pinaceae
1663,1664,1,Abies magnifica,Pinaceae
1664,1665,1,Abies procera,Pinaceae
1665,1666,1,Abies sibirica,Pinaceae
1666,1667,1,Abies spectabilis,Pinaceae
1667,1668,1,Cedrus atlantica,Pinaceae
1668,1669,1,Cedrus deodara,Pinaceae
1669,1670,1,Cedrus libani,Pinaceae
1670,1671,1,Larix decidua,Pinaceae
1671,1672,1,Larix gmelinii,Pinaceae
1672,1673,1,Larix kaempferi,Pinaceae
1673,1674,1,Larix laricina,Pinaceae
1674,1675,1,Larix occidentalis,Pinaceae
1675,1676,1,Larix sibirica,Pinaceae
1676,1677,1,Picea abies,Pinaceae
1677,1678,1,Picea engelmannii,Pinaceae
1678,1679,1,Picea glauca,Pinaceae
1679,1680,1,Picea jezoensis,Pinaceae
1680,1681,1,Picea mariana,Pinaceae
1681,1682,1,Picea omorika,Pinaceae
1682,1683,1,Picea rubens,Pinaceae
1683,1684,1,Picea sitchensis,Pinaceae
1684,1685,1,Pinus ayacahuite,Pinaceae
1685,1686,1,Pinus banksiana,Pinaceae
1686,1687,1,Pinus caribaea,Pinaceae
1687,1688,1,Pinus clausa,Pinaceae
1688,1689,1,Pinus contorta,Pinaceae
1689,1690,1,Pinus devoniana,Pinaceae
1690,1691,1,Pinus echinata,Pinaceae
1691,1692,1,Pinus edulis,Pinaceae
1692,1693,1,Pinus elliottii,Pinaceae
1693,1694,1,Pinus englemannii,Pinaceae
1694,1695,1,Pinus flexilis,Pinaceae
1695,1696,1,Pinus glabra,Pinaceae
1696,1697,1,Pinus heldreichii,Pinaceae
1697,1698,1,Pinus jeffreyi,Pinaceae
1698,1699,1,Pinus kesiya,Pinaceae
1699,1700,1,Pinus kesiya,Pinaceae
1700,1701,1,Pinus langbianensis,Pinaceae
1701,1702,1,Pinus koraiensis,Pinaceae
1702,1703,1,Pinus lambertiana,Pinaceae
1703,1704,1,Pinus merkusii,Pinaceae
1704,1705,1,Pinus montezumae,Pinaceae
1705,1706,1,Pinus monticola,Pinaceae
1706,1707,1,Pinus mugo,Pinaceae
1707,1708,1,Pinus nigra,Pinaceae
1708,1709,1,Pinus oocarpa,Pinaceae
1709,1710,1,Pinus palustris,Pinaceae
1710,1711,1,Pinus patula,Pinaceae
1711,1712,1,Pinus pinaster,Pinaceae
1712,1713,1,Pinus ponderosa,Pinaceae
1713,1714,1,Pinus pringlei,Pinaceae
1714,1715,1,Pinus pseudostrobus,Pinaceae
1715,1716,1,Pinus pungens,Pinaceae
1716,1717,1,Pinus radiata,Pinaceae
1717,1718,1,Pinus resinosa,Pinaceae
1718,1719,1,Pinus rigida,Pinaceae
1719,1720,1,Pinus serotina,Pinaceae
1720,1721,1,Pinus strobus,Pinaceae
1721,1722,1,Pinus sylvestris,Pinaceae
1722,1723,1,Pinus taeda,Pinaceae
1723,1724,1,Pinus taiwanensis,Pinaceae
1724,1725,1,Pinus virginiana,Pinaceae
1725,1726,1,Pinus wallichiana,Pinaceae
1726,1727,1,Pseudotsuga menziesii,Pinaceae
1727,1728,1,Tsuga canadensis,Pinaceae
1728,1729,1,Tsuga heterophylla,Pinaceae
1729,1730,1,Tsuga mertensiana,Pinaceae
1730,1731,1,Afrocarpus falcatus,Podocarpaceae
1731,1732,1,Afrocarpus gracilior,Podocarpaceae
1732,1733,1,Dacrycarpus dacrydiodes,Podocarpaceae
1733,1734,1,Dacrycarpus imbricatus,Podocarpaceae
1734,1735,1,Dacrydium beccarii,Podocarpaceae
1735,1736,1,Dacrydium cupressinum,Podocarpaceae
1736,1737,1,Dacrydium elatum,Podocarpaceae
1737,1738,1,Dacrydium nidulum,Podocarpaceae
1738,1739,1,Lagarostrobos franklinii,Podocarpaceae
1739,1740,1,Nageia wallichiana,Podocarpaceae
1740,1741,1,Phyllocladus aspleniifolius,Podocarpaceae
1741,1742,1,Podocarpus guatemalensis,Podocarpaceae
1742,1743,1,Podocarpus neriifolius,Podocarpaceae
1743,1744,1,Podocarpus rumphii,Podocarpaceae
1744,1745,1,Prumnopitys ferruginea,Podocarpaceae
1745,1746,1,Taxus baccata,Taxaceae
1746,1747,1,Taxus brevifolia,Taxaceae
1747,1748,1,Taxus cuspidata,Taxaceae
1748,1749,1,Taxus fuana,Taxaceae
1749,1750,1,Taxus sumatrana,Taxaceae
1750,1751,1,Taxus wallichiana,Taxaceae
1751,1752,1,Taxus wallichiana,Taxaceae
1752,1753,1,Taxus chinensis,Taxaceae
