genus,species,common_names,regions
Abarema,jupunba,huruasa,GUY
Acacia,auriculiformis,acacia,AUS;IDN;MYS;PNG;THA;GBR;USA
Acacia,mangium,acacia,AUS;IDN;MYS;PNG;THA;GBR;USA
Adina,cordifolia,haldu,KHM;IND;IDN;LAO;MYS;MMR;PHL;LKA;THA;VNM
Adina,microcephala,mugonha,
Afrormosia,elata,afrormosia,CMR;CAF;CIV;GHA;COD;FRA
Afzelia,africana,doussié,AGO;CMR;COG;CIV;GHA;MOZ;NGA;SEN;SLE;TZA;COD;DEU;PRT;GBR;USA
Afzelia,bella,doussié,AGO;CMR;COG;CIV;GHA;MOZ;NGA;SEN;SLE;TZA;COD;DEU;PRT;GBR;USA
Afzelia,bipindensis,doussié,AGO;CMR;COG;CIV;GHA;MOZ;NGA;SEN;SLE;TZA;COD;DEU;PRT;GBR;USA
Afzelia,cuanzensis,doussié,AGO;CMR;COG;CIV;GHA;MOZ;NGA;SEN;SLE;TZA;COD;DEU;PRT;GBR;USA
Afzelia,pachyloba,doussié,AGO;CMR;COG;CIV;GHA;MOZ;NGA;SEN;SLE;TZA;COD;DEU;PRT;GBR;USA
Aglaia,spp.,tasua,
Albizia,adianthifolia,mepepe,
Albizia,angolensis,iatandza,AGO;BEN;CMR;COG;CIV;GAB;GHA;LBR;NGA;UGA;COD;GBR
Albizia,falcataria,batai,PHL;IDN;MYS;GBR
Albizia,fastigiata,mepepe,
Albizia,ferruginea,iatandza,AGO;BEN;CMR;COG;CIV;GAB;GHA;LBR;NGA;UGA;COD;GBR
Albizia,gummifera,mepepe,
Albizia,lebbek,kokko,BGD;PHL;IND;IDN;MYS;NPL;THA;VNM;FRA;ESP;GBR
Albizia,saman,kungkur,
Albizia,zygia,mepepe,
Alchornea,triplinervia,tapiá,BRA
Alexa,spp.,haiari,BRA;GUY;SUR
Allantoma,integrifolia,jequitiba,BOL;BRA
Alstonia,angustiloba,hard alstonia (pulaï),IDN;MYS;MMR;PNG;PHL;THA;VNM;AUS;IND;GBR
Alstonia,boonei,emien,NGA;UGA;GBR
Alstonia,congensis,emien,NGA;UGA;GBR
Alstonia,gilletii,emien,NGA;UGA;GBR
Alstonia,macrophylla,hard alstonia (pulaï),IDN;MYS;MMR;PNG;PHL;THA;VNM;AUS;IND;GBR
Alstonia,pneumatophora,hard alstonia (pulaï),IDN;MYS;MMR;PNG;PHL;THA;VNM;AUS;IND;GBR
Alstonia,scholaris,hard alstonia (pulaï),IDN;MYS;MMR;PNG;PHL;THA;VNM;AUS;IND;GBR
Alstonia,spatulata,hard alstonia (pulaï),IDN;MYS;MMR;PNG;PHL;THA;VNM;AUS;IND;GBR
Amblygonocarpus,andongensis,banga-wanga,
Amblygonocarpus,obtusangulus,banga-wanga,
Amburana,cearensis,cerejeira,ARG;BOL;BRA;PRY;PER
Amoora,spp.,tasua,
Amphimas,pterocarpoides,lati,CMR;CIV;GHA;COG
Amphimas,spp.,lati,CMR;CIV;GHA;COG
Anacardium,excelsum,caracoli,BRA;COL;ECU;NIC;VEN
Anadenanthera,colubrina,curupay,
Andira,spp.,andira,BRA;COL;ECU;GUF;GUY;MEX;PER;SUR;TTO;VEN
Androstachys,johnsonii,mecrussé,MOZ;ZAF
Aniba,duckei,bois rose femelle,BRA
Aniba,guianensis,canelón,
Aniba,hypoglauca,gale silverballi,
Aniba,ovalifolia,gale silverballi,
Aniba,perutilis,comino crespo,BOL;BRA;COL;PER;GBR
Aniba,rosaeodora,bois rose femelle,BRA
Aningeria,altissima,aniégré (aningré),AGO;CAF;COG;CIV;ETH;KEN;NGA;UGA;COD;DEU;ITA;GBR
Aningeria,robusta,aniégré (aningré),AGO;CAF;COG;CIV;ETH;KEN;NGA;UGA;COD;DEU;ITA;GBR
Aningeria,spp.,aniégré (aningré),AGO;CAF;COG;CIV;ETH;KEN;NGA;UGA;COD;DEU;ITA;GBR
Aningeria,superba,aniégré (aningré),AGO;CAF;COG;CIV;ETH;KEN;NGA;UGA;COD;DEU;ITA;GBR
Anisoptera,costata,mersawa,KHM;IDN;LAO;MYS;MMR;PNG;PHL;THA;FRA;GBR;USA
Anisoptera,curtisii,mersawa,KHM;IDN;LAO;MYS;MMR;PNG;PHL;THA;FRA;GBR;USA
Anisoptera,laevis,mersawa,KHM;IDN;LAO;MYS;MMR;PNG;PHL;THA;FRA;GBR;USA
Anisoptera,marginata,mersawa,KHM;IDN;LAO;MYS;MMR;PNG;PHL;THA;FRA;GBR;USA
Anisoptera,oblonga,mersawa,KHM;IDN;LAO;MYS;MMR;PNG;PHL;THA;FRA;GBR;USA
Anisoptera,spp.,mersawa,KHM;IDN;LAO;MYS;MMR;PNG;PHL;THA;FRA;GBR;USA
Anisoptera,thurifera,mersawa,KHM;IDN;LAO;MYS;MMR;PNG;PHL;THA;FRA;GBR;USA
Anopyxis,ealaensis,bodioa,
Anopyxis,klaineana,bodioa,
Anthocephalus,cadamba,kadam,IDN;MYS;MMR;PHL
Anthocephalus,macrophyllus,kadam,IDN;MYS;MMR;PHL
Anthonotha,fragrans,kibakoko,
Antiaris,africana,ako,AGO;CIV;GHA;NGA;TZA;UGA;COD;DEU;GBR
Antiaris,toxicaria,ako;ako,AGO;CIV;GHA;NGA;TZA;UGA;COD;DEU;GBR;AGO;CIV;GHA;NGA;TZA;UGA;COD;DEU;GBR
Antiaris,welwitschii,ako,AGO;CIV;GHA;NGA;TZA;UGA;COD;DEU;GBR
Antonia,ovata,inyak,
Antrocaryon,klaineanum,onzabili,AGO;CMR;CIV;GNQ;GAB;GHA;COD;PRT
Antrocaryon,micraster,onzabili,AGO;CMR;CIV;GNQ;GAB;GHA;COD;PRT
Antrocaryon,nannanii,onzabili,AGO;CMR;CIV;GNQ;GAB;GHA;COD;PRT
Artocarpus,spp.,keledang (terap),IDN;MYS;PHL;THA
Aspidosperma,spp.,pau marfim (peroba rosa),BLZ;BOL;BRA;COL;GUF;GTM;GUY;HND;MEX;PAN;PER;SUR;VEN
Astronium,balansae,urunday,ARG;BOL;BRA;PRY
Astronium,concinnum,urunday,ARG;BOL;BRA;PRY
Astronium,graveolens,urunday,ARG;BOL;BRA;PRY
Astronium,urundeuva,urunday,ARG;BOL;BRA;PRY
Aucoumea,klaineana,okoumé,COG;GNQ;GAB;GBR
Autranella,congolensis,mukulungu,AGO;CMR;CAF;COG;COD;GAB;NGA
Bagassa,guianensis,tatajuba,BRA;GUF;SUR
Baikiaea,plurijuga,umgusi,
Baillonella,toxisperma,moabi,CMR;COG;GNQ;GAB;COD;GBR
Balanocarpus,heimii,chengal,IDN;MYS;THA
Baphia,nitida,okoué,
Baphia,pubescens,okoué,
Barringtonia,asiatica,botong,
Beilschmiedia,congolana, kanda rose) kanda (kanda brun,CMR;CAF;CIV;GAB;TZA
Beilschmiedia,gaboonensis, kanda rose) kanda (kanda brun,CMR;CAF;CIV;GAB;TZA
Beilschmiedia,hutchinsoniana, kanda rose) kanda (kanda brun,CMR;CAF;CIV;GAB;TZA
Beilschmiedia,letouzeyi, kanda rose) kanda (kanda brun,CMR;CAF;CIV;GAB;TZA
Beilschmiedia,mannii, kanda rose) kanda (kanda brun,CMR;CAF;CIV;GAB;TZA
Beilschmiedia,oblongifolia, kanda rose) kanda (kanda brun,CMR;CAF;CIV;GAB;TZA
Beilschmiedia,spp., kanda rose) kanda (kanda brun,CMR;CAF;CIV;GAB;TZA
Berlinia,bifoliolata,ekaba,CMR;COG;GNQ;GAB;LBR;DEU;NLD;ESP;GBR
Berlinia,bracteosa,ebiara,AGO;BEN;CMR;COG;COD;CIV;GAB;GHA;NGA;SLE;DEU;GBR
Berlinia,confusa,ebiara,AGO;BEN;CMR;COG;COD;CIV;GAB;GHA;NGA;SLE;DEU;GBR
Berlinia,grandiflora,ebiara,AGO;BEN;CMR;COG;COD;CIV;GAB;GHA;NGA;SLE;DEU;GBR
Berlinia,seretii,alumbi,
Bertholletia,excelsa,castanheiro para,BRA;COL;FRA;GBR
Bobgunnia,fistuloides,pao rosa,CMR;COG;CIV;CAF;COD;GAB;MOZ;NGA
Bobgunnia,madagascariensis,pao rosa,CMR;COG;CIV;CAF;COD;GAB;MOZ;NGA
Bocoa,prouacensis,wamara,
Bombacopsis,quinata,saqui-saqui,COL;VEN
Bombax,brevicuspe,kondroti,BEN;CMR;COG;CIV;GAB;GHA;MOZ;NGA;TZA;GBR
Bombax,buonopozense,kapokier,
Bombax,chevalieri,kondroti,BEN;CMR;COG;CIV;GAB;GHA;MOZ;NGA;TZA;GBR
Bombax,flammeum,kapokier,
Bombax,pentandrum,fuma (fromager),CMR;COG;CIV;GHA;LBR;NGA;SLE;COD;FRA;DEU;GBR
Bombax,rhodognaphalon,kondroti,BEN;CMR;COG;CIV;GAB;GHA;MOZ;NGA;TZA;GBR
Bowdichia,nitida,sucupira,BRA;COL;GUF;GUY;PER;SUR;VEN
Brachylaena,huillensis,mühühü,COG;KEN;ZAF;TZA;UGA;GBR
Brachylaena,hutchinsii,mühühü,COG;KEN;ZAF;TZA;UGA;GBR
Brachystegia,boehmii,mjombo,
Brachystegia,cynometroides,naga,CMR;CIV;GAB;LBR;NGA;SLE;GBR
Brachystegia,eurycoma,naga,CMR;CIV;GAB;LBR;NGA;SLE;GBR
Brachystegia,laurentii,bomanga,CMR;COG;COD;GAB;FRA;GBR
Brachystegia,leonensis,naga,CMR;CIV;GAB;LBR;NGA;SLE;GBR
Brachystegia,mildbraedii,bomanga,CMR;COG;COD;GAB;FRA;GBR
Brachystegia,nigerica,naga,CMR;CIV;GAB;LBR;NGA;SLE;GBR
Brachystegia,nzang,bomanga,CMR;COG;COD;GAB;FRA;GBR
Brachystegia,spiciformis,messassa,
Brachystegia,zenkeri,bomanga,CMR;COG;COD;GAB;FRA;GBR
Breviea,leptosperma,apobeaou,
Bridelia,aubrevillei,assas,
Brosimum,alicastrum,capomo ,
Brosimum,guianense,amourette,GUF;PER;SUR;VEN;GBR
Brosimum,parinarioides,amapa,BRA
Brosimum,rubescens,muira-piranga,BRA;GUF;GUY;SUR;ITA;ESP;GBR
Brownea,spp.,rose of the mountain,
Buchenavia,spp.,tanimbuca,
Bucida,buceras,jùraco,
Bulnesia,sarmientoi,galacwood,
Burkea,africana,mukarati,
Bursera,simaruba,almácigo,FRA;GBR
Butyrospermum,paradoxum,karité,
Butyrospermum,parkii,karité,
Caesalpinia,echinata,pernambouc,BRA
Caesalpinia,pluviosa,momoqui,
Calophyllum,brasiliense,jacareuba,BRA
Calophyllum,spp.,bintangor,IDN;MDG;MYS;MMR;NCL;PNG;PHL;SLB;THA;VNM;VUT
Calycophyllum,spruceanum,pau mulato,ECU
Campnosperma,gummifera,orey,
Campnosperma,panamense,orey,
Canarium,schweinfurtii,aielé ,AGO;CMR;CAF;COG;GAB;GHA;GNQ;NGA;UGA;COD;SLE;GBR
Canarium,spp.,kedondong,IND;IDN;MYS;PHL;THA;VNM
Carallia,borneensis,meransi,
Carallia,spp.,meransi,
Carapa,grandiflora,crabwood d’afrique,CIV;GHA;LBR;NGA;SLE;UGA;USA;GBR
Carapa,guianensis,andiroba,BRA;COL;CRI;ECU;GUY;GUF;HND;PAN;TTO;VEN
Carapa,procera,andiroba,BRA;COL;CRI;ECU;GUY;GUF;HND;PAN;TTO;VEN
Carapa,spp.,crabwood d’afrique,CIV;GHA;LBR;NGA;SLE;UGA;USA;GBR
Cariniana,brasiliensis,jequitiba,BOL;BRA
Cariniana,decandra,cachimbo,
Cariniana,integrifolia,jequitiba,BOL;BRA
Cariniana,legalis,jequitiba,BOL;BRA
Cariniana,pyriformis,abarco,VEN
Caryocar,costaricense,piquia,BRA;COL;CRI;GUY;SUR
Caryocar,spp.,piquia,BRA;COL;CRI;GUY;SUR
Cassia,siamea,djohar,FRA
Cassipourea,elliottii,pillarwood,
Cassipourea,malosana,pillarwood,
Cassipourea,spp.,pillarwood,
Castanopsis,spp.,castanopsis,
Catostemma,fragrans,baromalli,
Cedrela,angustifolia,cedro,BRA;GUF;GUY;HND;SUR
Cedrela,fissilis,cedro,BRA;GUF;GUY;HND;SUR
Cedrela,odorata,cedro,BRA;GUF;GUY;HND;SUR
Cedrela,spp.,cedro,BRA;GUF;GUY;HND;SUR
Cedrela,toona,suren,KHM;IND;IDN;MYS;MMR;PNG;PHL;THA;VNM;AUS;GBR;USA
Ceiba,pentandra,fuma (fromager);sumauma,CMR;COG;CIV;GHA;LBR;NGA;SLE;COD;FRA;DEU;GBR;BOL;BRA;COL;ECU;GUF;GUY;PER;SUR;VEN
Ceiba,samauma,sumauma,BOL;BRA;COL;ECU;GUF;GUY;PER;SUR;VEN
Ceiba,thonningii,fuma (fromager),CMR;COG;CIV;GHA;LBR;NGA;SLE;COD;FRA;DEU;GBR
Celtis,adolfi-friderici, ohia) celtis d'afrique (diania,BEN;CMR;CAF;COD;COG;CIV;GAB;GHA;KEN;LBR;NGA;UGA;DEU;GBR
Celtis,brieyi, ohia) celtis d'afrique (diania,BEN;CMR;CAF;COD;COG;CIV;GAB;GHA;KEN;LBR;NGA;UGA;DEU;GBR
Celtis,durandii, ohia) celtis d'afrique (diania,BEN;CMR;CAF;COD;COG;CIV;GAB;GHA;KEN;LBR;NGA;UGA;DEU;GBR
Celtis,gomphophylla, ohia) celtis d'afrique (diania,BEN;CMR;CAF;COD;COG;CIV;GAB;GHA;KEN;LBR;NGA;UGA;DEU;GBR
Celtis,mildbraedii, ohia) celtis d'afrique (diania,BEN;CMR;CAF;COD;COG;CIV;GAB;GHA;KEN;LBR;NGA;UGA;DEU;GBR
Celtis,spp., ohia) celtis d'afrique (diania,BEN;CMR;CAF;COD;COG;CIV;GAB;GHA;KEN;LBR;NGA;UGA;DEU;GBR
Celtis,tessmannii, ohia) celtis d'afrique (diania,BEN;CMR;CAF;COD;COG;CIV;GAB;GHA;KEN;LBR;NGA;UGA;DEU;GBR
Celtis,zenkeri, ohia) celtis d'afrique (diania,BEN;CMR;CAF;COD;COG;CIV;GAB;GHA;KEN;LBR;NGA;UGA;DEU;GBR
Centrolobium,spp.,araribà,BRA;COL;ECU;PAN;PRY;VEN
Cephalosphaera,usambarensis,mtambara,
Chlorocardium,rodiei,greenheart,BRA;GUY;VEN
Chlorophora,excelsa,iroko,AGO;CMR;COG;CIV;GNQ;GAB;GHA;LBR;MOZ;NGA;SLE;COD;BEL
Chlorophora,regia,iroko,AGO;CMR;COG;CIV;GNQ;GAB;GHA;LBR;MOZ;NGA;SLE;COD;BEL
Chlorophora,tinctoria,moral,ARG;BOL;BRA;COL;CRI;MEX;TTO
Chloroxylon,swietenia,satin ceylan,
Chorisia,spp.,lupuna,
Chrysophyllum,africanum,longhi,CMR;CAF;COG;CIV;GAB;GHA;NGA
Chrysophyllum,giganteum,aniégré (aningré),AGO;CAF;COG;CIV;ETH;KEN;NGA;UGA;COD;DEU;ITA;GBR
Chrysophyllum,lacourtianum,longhi,CMR;CAF;COG;CIV;GAB;GHA;NGA
Chrysophyllum,lucentifolium,goiabao,BRA
Chrysophyllum,pomiferum,limonaballi,
Chrysophyllum,sanguinolentum,balata pomme,
Chrysophyllum,spp.,longhi,CMR;CAF;COG;CIV;GAB;GHA;NGA
Chrysophyllum,subnudum,longhi,CMR;CAF;COG;CIV;GAB;GHA;NGA
Cistanthera,papaverifera,kotibé,AGO;CMR;CAF;CIV;GAB;GHA;NGA;COD;GBR
Citharexylum,fruticosum,pombeira,
Clarisia,racemosa,guariuba,BOL;BRA;COL;ECU;PER
Clathrotropis,macrocarpa,aromata,
Clausena,melioides,mafu,TZA;KEN
Cleistopholis,glauca,sobu,
Cleistopholis,patens,sobu,
Coelocaryon,preussii,ekoune,CMR;CAF;COG;COD;GNQ;GAB;NGA
Colophospermum,mopane,mopaani,
Copaifera,coleosperma,mussibi (mutenyé),ZWE;GBR
Copaifera,letestui,gheombi,CMR;GAB
Copaifera,mildbraedii,etimoé,BEN;CMR;CAF;COG;CIV;COD;GAB;GHA;NGA
Copaifera,mopane,mopaani,
Copaifera,palustris,sepetir,KHM;IDN;MYS;PHL;THA
Copaifera,religiosa,n’téné,
Copaifera,salikounda,etimoé,BEN;CMR;CAF;COG;CIV;COD;GAB;GHA;NGA
Copaifera,spp.,copaiba,ARG;BRA;COL;PAN;VEN
Cordia,abyssinica,cordia d’afrique,CMR;CAF;COG;ETH;GAB;NGA;UGA;GBR
Cordia,africana,cordia d’afrique,CMR;CAF;COG;ETH;GAB;NGA;UGA;GBR
Cordia,goeldiana,freijo,BRA
Cordia,holstii,cordia d’afrique,CMR;CAF;COG;ETH;GAB;NGA;UGA;GBR
Cordia,millenii,cordia d’afrique,CMR;CAF;COG;ETH;GAB;NGA;UGA;GBR
Cordia,platythyrsa,cordia d’afrique,CMR;CAF;COG;ETH;GAB;NGA;UGA;GBR
Cordia,spp.,canalete;cordia d’afrique,ARG;BRA;COL;CUB;MEX;VEN;CMR;CAF;COG;ETH;GAB;NGA;UGA;GBR
Cordyla,africana,metondo,TZA
Corynanthe,bequaertii,tsanya,
Corynanthe,paniculata,tsanya,
Coula,edulis,coula,
Coumarouna,oppositifolia,almendrillo,
Couratari,spp.,tauari,BRA;GUY;GUF;SUR;VEN
Cratoxylum,arborescens,geronggang;geronggang,IDN;MYS;IDN;MYS
Cratoxylum,glaucum,geronggang,IDN;MYS
Cratoxylum,lingustrinum,geronggang,IDN;MYS
Cratoxylum,polyanthum,geronggang,IDN;MYS
Croton,megalocarpus,musine,
Cryptosepalum,staudtii,tani,
Cylicodiscus,gabunensis,okan,CMR;COG;CIV;GAB;GHA;NGA
Cynometra,alexandri,muhimbi,
Cynometra,hankei,nganga,
Cynometra,spp.,kekatong;nganga,FJI;MYS;MMR;PHL;THA;
Dacryodes,buettneri,ozigo,GNQ;GAB;DEU
Dacryodes,igaganga,igaganga,
Dacryodes,klaineana,adjouaba,COD;COG;GAB
Dacryodes,pubescens,safukala,
Dacryodes,spp.,kedondong,IND;IDN;MYS;PHL;THA;VNM
Dactylocladus,stenostachys,jongkong,IDN;MYS
Dalbergia,bariensis,palissandre d'asie,KHM;LAO;THA;VNM
Dalbergia,cambodiana,palissandre d'asie,KHM;LAO;THA;VNM
Dalbergia,cochinchinensis,palissandre d'asie,KHM;LAO;THA;VNM
Dalbergia,darienensis,palissandre panama,
Dalbergia,decipularis,palissandre de rose,BRA;GUF
Dalbergia,latifolia,palissandre d'asie,KHM;LAO;THA;VNM
Dalbergia,louveli,palissandre de madagascar,FRA;GBR
Dalbergia,melanoxylon,grenadille d’afrique,TCD;COD;ETH;KEN;UGA;ZMB;ZWE;GBR
Dalbergia,monticola,palissandre de madagascar,FRA;GBR
Dalbergia,nigra,palissandre rio,
Dalbergia,normandii,palissandre de madagascar,FRA;GBR
Dalbergia,oliveri,burmese rosewood;palissandre d'asie,MMR;KHM;LAO;THA;VNM
Dalbergia,purpurascens,palissandre de madagascar,FRA;GBR
Dalbergia,retusa,cocobolo,
Dalbergia,sissoo,palissandre d'asie,KHM;LAO;THA;VNM
Dalbergia,spp.,palissandre de madagascar,FRA;GBR
Dalbergia,spruceana,palissandre para,BRA;FRA;DEU;ESP;GBR;USA;JPN
Dalbergia,stevensonii,palissandre honduras,
Dalbergia,tucurensis,palissandre de guatemala,
Dalbergia,xerophila,palissandre de madagascar,FRA;GBR
Daniellia,klainei,faro,BEN;CMR;COG;CIV;COD;GNQ;GAB;GHA;NGA;SLE;DEU;GBR
Daniellia,ogea,faro,BEN;CMR;COG;CIV;COD;GNQ;GAB;GHA;NGA;SLE;DEU;GBR
Daniellia,spp.,faro,BEN;CMR;COG;CIV;COD;GNQ;GAB;GHA;NGA;SLE;DEU;GBR
Daniellia,thurifera,faro,BEN;CMR;COG;CIV;COD;GNQ;GAB;GHA;NGA;SLE;DEU;GBR
Desbordesia,glaucescens,alep,CMR;COG;GAB;NGA
Detarium,macrocarpum,manbodé,
Detarium,senegalense,manbodé,
Dialium,aubrevillei,eyoum,CMR;COG;CIV;GAB;GNB;LBR;MOZ;COD
Dialium,bipindense,eyoum,CMR;COG;CIV;GAB;GNB;LBR;MOZ;COD
Dialium,dinklagei,eyoum,CMR;COG;CIV;GAB;GNB;LBR;MOZ;COD
Dialium,pachyphyllum,eyoum,CMR;COG;CIV;GAB;GNB;LBR;MOZ;COD
Dialium,spp.,eyoum;keranji,CMR;COG;CIV;GAB;GNB;LBR;MOZ;COD;KHM;IDN;MMR;THA;VNM;GBR
Dicorynia,guianensis,basralocus,BRA;GUF;SUR
Didelotia,africana,gombé,CMR;CIV;GAB;LBR;SLE
Didelotia,brevipaniculata,toubaouaté,
Didelotia,idae,gombé,CMR;CIV;GAB;LBR;SLE
Didelotia,letouzeyi,gombé,CMR;CIV;GAB;LBR;SLE
Didymopanax,morototoni,morototo,ARG;BRA;COL;CUB;MEX;PRI;SUR;VEN
Dillenia,aurea,simpoh,IDN;MYS;MMR;PHL;THA
Dillenia,eximia,simpoh,IDN;MYS;MMR;PHL;THA
Dillenia,spp.,simpoh,IDN;MYS;MMR;PHL;THA
Dimorphandra,spp.,aiéouéko,
Dinizia,excelsa,angelim vermelho,BRA;GUY
Diospyros,burmanica,burmese ebony,MMR
Diospyros,celebica,ebène veinée d’asie,
Diospyros,crassiflora,ebène d'afrique (ebène madagascar),BEN;CMR;CAF;COG;GNQ;GAB;NGA;DEU;GBR
Diospyros,ebenum,ebène noire d’asie ,
Diospyros,evila,ebène d'afrique (ebène madagascar),BEN;CMR;CAF;COG;GNQ;GAB;NGA;DEU;GBR
Diospyros,ferrea,ebène noire d’asie ,
Diospyros,marmorata,ebène veinée d’asie,
Diospyros,melanoxylon,ebène noire d’asie ,
Diospyros,mollis,ebène noire d’asie ,
Diospyros,mun,ebène noire d’asie ,
Diospyros,perrieri,ebène d'afrique (ebène madagascar),BEN;CMR;CAF;COG;GNQ;GAB;NGA;DEU;GBR
Diospyros,rumphii,ebène veinée d’asie,
Diospyros,spp.,ebène d'afrique (ebène madagascar),BEN;CMR;CAF;COG;GNQ;GAB;NGA;DEU;GBR
Diosyros,vera,ebène noire d’asie ,
Diplotropis,martiusii,sucupira,BRA;COL;GUF;GUY;PER;SUR;VEN
Diplotropis,purpurea,sucupira,BRA;COL;GUF;GUY;PER;SUR;VEN
Dipterocarpus,acutangulus,keruing,KHM;IND;IDN;LAO;MYS;MMR;PHL;LKA;THA;VNM
Dipterocarpus,alatus,keruing,KHM;IND;IDN;LAO;MYS;MMR;PHL;LKA;THA;VNM
Dipterocarpus,appendiculatus,keruing,KHM;IND;IDN;LAO;MYS;MMR;PHL;LKA;THA;VNM
Dipterocarpus,baudii,keruing,KHM;IND;IDN;LAO;MYS;MMR;PHL;LKA;THA;VNM
Dipterocarpus,cornutus,keruing,KHM;IND;IDN;LAO;MYS;MMR;PHL;LKA;THA;VNM
Dipterocarpus,costulatus,keruing,KHM;IND;IDN;LAO;MYS;MMR;PHL;LKA;THA;VNM
Dipterocarpus,kerrii,keruing,KHM;IND;IDN;LAO;MYS;MMR;PHL;LKA;THA;VNM
Dipterocarpus,pilosus,keruing,KHM;IND;IDN;LAO;MYS;MMR;PHL;LKA;THA;VNM
Dipterocarpus,spp.,keruing,KHM;IND;IDN;LAO;MYS;MMR;PHL;LKA;THA;VNM
Dipterocarpus,verrucosus,keruing,KHM;IND;IDN;LAO;MYS;MMR;PHL;LKA;THA;VNM
Dipteryx,spp.,cumaru ,BOL;BRA;COL;GUY;GUF;HND;PER;SUR;VEN
Diptrocarpus,gracilis,keruing,KHM;IND;IDN;LAO;MYS;MMR;PHL;LKA;THA;VNM
Distemonanthus,benthamianus,movingui,BEN;CMR;CIV;GNQ;GAB;GHA;NGA;GBR
Dracontomelon,dao,paldao,MYS;PHL
Dracontomelon,edule,paldao,MYS;PHL
Dracontomelon,sylvestre,paldao,MYS;PHL
Dryobalanops,aromatica,kapur,BRN;IDN;MYS;FRA;GBR
Dryobalanops,beccarii,kapur,BRN;IDN;MYS;FRA;GBR
Dryobalanops,fusca,kapur,BRN;IDN;MYS;FRA;GBR
Dryobalanops,lanceolata,kapur,BRN;IDN;MYS;FRA;GBR
Dryobalanops,oblongifolia,kapur,BRN;IDN;MYS;FRA;GBR
Dryobalanops,rappa,kapur,BRN;IDN;MYS;FRA;GBR
Dryobalanops,spp.,kapur,BRN;IDN;MYS;FRA;GBR
Dryobalanops,sumatrensis,kapur,BRN;IDN;MYS;FRA;GBR
Drypetes,gossweileri,yungu,
Duabanga,grandiflora,duabanga,IND;IDN;MYS;MMR;PNG;PHL;THA;VNM
Duboscia,viridiflora,akak,
Dumoria,africana,douka (makoré),CIV;GHA;GNQ;GAB
Durio,spp.,durian,IDN;MYS;FRA;GBR
Dyera,costulata,jelutong,IDN;MYS;SGP
Dyera,lowii,jelutong,IDN;MYS;SGP
Dyera,polyphylla,jelutong,IDN;MYS;SGP
Enantia,chlorantha,moambé jaune,GBR
Enantia,spp.,moambé jaune,GBR
Endospermum,spp.,sesendok,FJI;IDN;MYS;PHL;PNG
Entandrophragma,angolense,tiama,AGO;COG;CIV;GNQ;GAB;GHA;NGA;UGA;COD;DEU;GBR
Entandrophragma,candollei,kosipo,AGO;CMR;CIV;GHA;NGA;COD;DEU;GBR
Entandrophragma,congoense,tiama,AGO;COG;CIV;GNQ;GAB;GHA;NGA;UGA;COD;DEU;GBR
Entandrophragma,cylindricum,sapelli,AGO;CMR;CAF;COG;CIV;GHA;NGA;UGA;COD;DEU;GBR
Entandrophragma,ekebergioides,mutaco,
Entandrophragma,spicatum,mutaco,
Entandrophragma,utile,sipo,AGO;CMR;CIV;GNQ;GAB;GHA;NGA;UGA;COD;DEU;GBR
Enterolobium,contortisiliquum,timbo,
Enterolobium,schomburgkii,batibatra,BRA;GUF;SUR
Eperua,spp.,walaba,BRA;GUF;GUY;SUR;VEN
Eribroma,oblongum,eyong,CMR;CAF;CIV;GNQ;GAB;GHA;NGA;GBR
Erisma,spp.,cambara (jaboty),BRA;GUF;PER;SUR;VEN;DEU
Erisma,uncinatum,cambara (jaboty),BRA;GUF;PER;SUR;VEN;DEU
Erythrophleum,guineense,tali,CMR;COG;CIV;COD;GNQ;GAB;GHA;GNB;MOZ;NGA;SEN;SLE;TZA;ZMB;GBR
Erythrophleum,ivorense,tali,CMR;COG;CIV;COD;GNQ;GAB;GHA;GNB;MOZ;NGA;SEN;SLE;TZA;ZMB;GBR
Erythrophleum,spp.,tali,CMR;COG;CIV;COD;GNQ;GAB;GHA;GNB;MOZ;NGA;SEN;SLE;TZA;ZMB;GBR
Erythrophleum,suaveolens,tali,CMR;COG;CIV;COD;GNQ;GAB;GHA;GNB;MOZ;NGA;SEN;SLE;TZA;ZMB;GBR
Erythroxylum,mannii,landa,CMR;COG;CIV;GAB;SLE
Eschweilera,amara,mata-mata,BRA;GUF;GUY;SUR
Eschweilera,grandiflora,sapucaia,
Eschweilera,spp.,mata-mata,BRA;GUF;GUY;SUR
Eugenia,spp.,kelat,IND;IDN;MYS;MMR;PNG;PHL;THA;VNM
Eusideroxylon,melagangai,malagangai,
Eusideroxylon,zwageri,billian ,IDN;PHL
Euxylophora,paraensis,pau amarelo,
Fagara,heitzii,olon,CMR;COG;COD;GNQ;GAB
Fagara,inaequalis,olonvogo,
Fagara,macrophylla,olonvogo,
Fagara,tessmannii,olonvogo,
Fagaropsis,angolensis,mafu,TZA;KEN
Fagraea,fragrans,tembusu,KHM;FJI;MYS;MMR;PHL
Fillaeopsis,discophora,nieuk,
Funtumia,africana,mutondo,
Funtumia,elastica,mutondo,
Funtumia,latifolia,mutondo,
Gambeya,africana,longhi,CMR;CAF;COG;CIV;GAB;GHA;NGA
Gambeya,lacourtiana,longhi,CMR;CAF;COG;CIV;GAB;GHA;NGA
Gambeya,spp.,longhi,CMR;CAF;COG;CIV;GAB;GHA;NGA
Gambeya,subnuda,longhi,CMR;CAF;COG;CIV;GAB;GHA;NGA
Gambeyobotrys,gigantea,aniégré (aningré),AGO;CAF;COG;CIV;ETH;KEN;NGA;UGA;COD;DEU;ITA;GBR
Ganua,motleyana,nyatoh,IND;IDN;MYS;PNG;PHL;THA;VNM;NLD;GBR
Gilbertiodendron,dewevrei,limbali,CMR;CAF;COG;CIV;COD;GAB;GHA;LBR
Gilbertiodendron,preussii,limbali,CMR;CAF;COG;CIV;COD;GAB;GHA;LBR
Gilbertiodendron,spp.,limbali,CMR;CAF;COG;CIV;COD;GAB;GHA;LBR
Gluta,spp.,rengas,MYS;MMR;IDN;THA
Glycydendron,amazonicum,mirindiba-doce,BRA
Gmelina,arborea,yemane,BGD;IND;MMR;NPL;THA;FRA;DEU;ESP;GBR
Gmelina,vitiensis,rosawa,
Gonystylus,bancanus,ramin,IDN;MYS;PHL;SLB;CHE
Gonystylus,macrophyllus,ramin,IDN;MYS;PHL;SLB;CHE
Gonystylus,philippinensis,ramin,IDN;MYS;PHL;SLB;CHE
Gonystylus,reticulatus,ramin,IDN;MYS;PHL;SLB;CHE
Gossweilerodendron,balsamiferum,tola(oduma),AGO;CMR;COG;GAB;NGA;COD;DEU;GBR
Gossweilerodendron,joveri,tola(oduma),AGO;CMR;COG;GAB;NGA;COD;DEU;GBR
Goupia,glabra,cupiuba,BRA;COL;GUF;GUY;PER;SUR;VEN;GBR
Guaiacum,spp.,gaiac,MEX;VEN;FRA;DEU;NLD;ESP;GBR
Guarea,cedrata,bossé clair,CIV;GHA;NGA;COD;DEU;GBR
Guarea,guara,jito,
Guarea,guidonia,jito,
Guarea,laurentii,bossé clair,CIV;GHA;NGA;COD;DEU;GBR
Guarea,thompsonii,bossé foncé,CIV;KEN;NGA;COD;DEU;GBR
Guarea,trichilioides,jito,
Guibourtia,arnoldiana,mussibi (mutenyé),ZWE;GBR
Guibourtia,coleosperma,mussibi (mutenyé),ZWE;GBR
Guibourtia,demeusei,bubinga,CMR;GAB;GBR
Guibourtia,ehie,ovengkol,CIV;GNQ;GAB;GHA;USA
Guibourtia,pellegriniana,bubinga,CMR;GAB;GBR
Guibourtia,spp.,bubinga,CMR;GAB;GBR
Guibourtia,tessmannii,bubinga,CMR;GAB;GBR
Haldina,cordifolia,haldu,KHM;IND;IDN;LAO;MYS;MMR;PHL;LKA;THA;VNM
Hallea,ciliata,abura,AGO;CMR;COG;CIV;GNQ;GAB;GHA;NGA;SLE;UGA;COD;ZMB;FRA
Hallea,rubrostipulata,abura,AGO;CMR;COG;CIV;GNQ;GAB;GHA;NGA;SLE;UGA;COD;ZMB;FRA
Hallea,stipulosa,abura,AGO;CMR;COG;CIV;GNQ;GAB;GHA;NGA;SLE;UGA;COD;ZMB;FRA
Handroanthus,capitatus,ipé,ARG;BOL;BRA;COL;GUF;GUY;PRY;PER;SUR;TTO;VEN
Handroanthus,heptaphyllus,ipé,ARG;BOL;BRA;COL;GUF;GUY;PRY;PER;SUR;TTO;VEN
Handroanthus,impetiginosus,ipé,ARG;BOL;BRA;COL;GUF;GUY;PRY;PER;SUR;TTO;VEN
Handroanthus,serratifolius,ipé,ARG;BOL;BRA;COL;GUF;GUY;PRY;PER;SUR;TTO;VEN
Haplormosia,monophylla,idewa,LBR
Heritiera,albiflora,mengkulang,KHM;IDN;MYS;MMR;PHL;THA;VNM;AUS
Heritiera,borneensis,mengkulang,KHM;IDN;MYS;MMR;PHL;THA;VNM;AUS
Heritiera,densiflora,niangon,CIV;GAB;GHA;LBR;SLE
Heritiera,javanica,mengkulang,KHM;IDN;MYS;MMR;PHL;THA;VNM;AUS
Heritiera,kuenstleri,mengkulang,KHM;IDN;MYS;MMR;PHL;THA;VNM;AUS
Heritiera,simplicifolia,mengkulang,KHM;IDN;MYS;MMR;PHL;THA;VNM;AUS
Heritiera,spp.,mengkulang,KHM;IDN;MYS;MMR;PHL;THA;VNM;AUS
Heritiera,sumatrana,mengkulang,KHM;IDN;MYS;MMR;PHL;THA;VNM;AUS
Heritiera,utilis,niangon,CIV;GAB;GHA;LBR;SLE
Hevea,brasiliensis,hevea,BRA;GUY;MYS;PER;THA;VEN;GBR;USA
Hieronyma,spp.,pilon,BLZ;BRA;COL;ECU;HND;NIC;VEN
Holoptelea,grandis,kékélé,BEN;CMR;CAF;COG;CIV;COD;GHA;NGA;UGA
Homalium,spp.,malas,IDN;MYS;PHL;MMR;LAO
Hopea,apiculata,merawan,KHM;IDN;MYS;MMR;PNG;PHL;THA;VNM
Hopea,griffithii,merawan,KHM;IDN;MYS;MMR;PNG;PHL;THA;VNM
Hopea,lowii,merawan,KHM;IDN;MYS;MMR;PNG;PHL;THA;VNM
Hopea,mengarawan,merawan,KHM;IDN;MYS;MMR;PNG;PHL;THA;VNM
Hopea,nervosa,merawan,KHM;IDN;MYS;MMR;PNG;PHL;THA;VNM
Hopea,odorata,merawan,KHM;IDN;MYS;MMR;PNG;PHL;THA;VNM
Hopea,papuana,merawan,KHM;IDN;MYS;MMR;PNG;PHL;THA;VNM
Hopea,sangal,merawan,KHM;IDN;MYS;MMR;PNG;PHL;THA;VNM
Hopea,spp.,merawan,KHM;IDN;MYS;MMR;PNG;PHL;THA;VNM
Hopea,sulcata,merawan,KHM;IDN;MYS;MMR;PNG;PHL;THA;VNM
Humiria,balsamifera,umiri,BRA;COL;ECU;GUF;GUY;PER;SUR;VEN
Humiria,floribunda,umiri,BRA;COL;ECU;GUF;GUY;PER;SUR;VEN
Hura,crepitans,assacù,BOL;BRA;COL;ECU;GUY;GUF;PER;SUR;VEN;USA
Hymenaea,courbaril,jatoba,BRA;GUF;SUR;GBR
Hymenolobium,spp.,angelim,BRA;GUF;SUR
Inga,spp.,inga,ARG;BRA;GUF;GUY;HND;PER;SUR
Intsia,bakeri,merbau,FJI;IDN;MDG;MYS;NCL;PNG;PHL;THA;VNM;AUS;CHN;GBR
Intsia,bijuga,merbau,FJI;IDN;MDG;MYS;NCL;PNG;PHL;THA;VNM;AUS;CHN;GBR
Intsia,palembanica,merbau;merbau,FJI;IDN;MDG;MYS;NCL;PNG;PHL;THA;VNM;AUS;CHN;GBR;FJI;IDN;MDG;MYS;NCL;PNG;PHL;THA;VNM;AUS;CHN;GBR
Intsia,retusa,merbau,FJI;IDN;MDG;MYS;NCL;PNG;PHL;THA;VNM;AUS;CHN;GBR
Irvingia,malayana,kabok,MYS;THA;GBR
Jacaranda,copaia,parapara,BRA;COL;GUF;PAN;SUR;VEN
Julbernardia,pellegriniana,awoura,CMR;GAB;FRA;DEU
Julbernardia,seretii,alumbi,
Khaya,anthotheca,,AGO;CMR;COG;CIV;GHA;UGA;FRA;DEU
Khaya,grandifoliola,,CIV;NGA;UGA;FRA;GBR
Khaya,ivorensis,acajou d’afrique,AGO;CMR;CIV;GNQ;GAB;GHA;NGA;FRA;DEU;GBR
Khaya,klainei,acajou d’afrique,AGO;CMR;CIV;GNQ;GAB;GHA;NGA;FRA;DEU;GBR
Khaya,spp.,acajou d’afrique,AGO;CMR;CIV;GNQ;GAB;GHA;NGA;FRA;DEU;GBR
Klainedoxa,buesgenii,eveuss,CMR;CAF;COG;CIV;COD;GNQ;GAB;GHA;NGA
Klainedoxa,gabonensis,eveuss,CMR;CAF;COG;CIV;COD;GNQ;GAB;GHA;NGA
Kokoona,spp.,mata ulat,
Koompassia,excelsa,tualang,
Koompassia,malaccensis,kempas,IDN;MYS;PNG;THA
Lannea,welwitschii,kumbi ,CIV;GHA;NGA
Lebrunia,bushaie,busehi,
Lecythis,grandiflora,sapucaia,
Lecythis,pisonis,sapucaia,
Letestua,durissima,congotali,COG;GAB
Licania,spp.,grigri,BRA;COL;CRI;GUY;MEX;PER;VEN
Lithocarpus,spp.,mempening,
Litsea,spp.,medang,AUS;MYS;MMR;PHL;VNM;IDN;LAO;MMR
Lonchocarpus,lanceolatus,machiche,
Lophira,alata,azobé,CMR;COG;CIV;GNQ;GAB;GHA;NGA;SLE;DEU;GBR
Lophira,procera,azobé,CMR;COG;CIV;GNQ;GAB;GHA;NGA;SLE;DEU;GBR
Lovoa,brownii,dibétou,CMR;CIV;GNQ;GAB;GHA;KEN;NGA;SLE;COD;UGA;FRA;GBR;USA
Lovoa,klaineana,dibétou,CMR;CIV;GNQ;GAB;GHA;KEN;NGA;SLE;COD;UGA;FRA;GBR;USA
Lovoa,spp.,dibétou,CMR;CIV;GNQ;GAB;GHA;KEN;NGA;SLE;COD;UGA;FRA;GBR;USA
Lovoa,swynnertonii,dibétou,CMR;CIV;GNQ;GAB;GHA;KEN;NGA;SLE;COD;UGA;FRA;GBR;USA
Lovoa,trichilioides,dibétou,CMR;CIV;GNQ;GAB;GHA;KEN;NGA;SLE;COD;UGA;FRA;GBR;USA
Loxopterygium,sagotii,slangehout,SUR
Lysiloma,latisiliquum,sabicu,
Machaerium,scleroxylon,palissandre de santos,BRA;BOL;GUF
Maclura,tinctoria,moral,ARG;BOL;BRA;COL;CRI;MEX;TTO
Macrolobium,dewevrei,limbali,CMR;CAF;COG;CIV;COD;GAB;GHA;LBR
Macrolobium,fragrans,kibakoko,
Madhuca,motleyana,nyatoh,IND;IDN;MYS;PNG;PHL;THA;VNM;NLD;GBR
Madhuca,spp.,bitis,
Magnolia,spp.,champak,MMR;PHL
Malacantha,superba,aniégré (aningré),AGO;CAF;COG;CIV;ETH;KEN;NGA;UGA;COD;DEU;ITA;GBR
Mangifera,spp.,machang,IND;IDN;MYS;MMR;PAK;PNG;PHL;SLB;THA;VNM;FRA;GBR
Manilkara,bidentata,maçaran­duba,BRA;COL;GUF;GUY;PAN;PER;SUR;VEN;GBR;USA
Manilkara,huberi,maçaran­duba,BRA;COL;GUF;GUY;PAN;PER;SUR;VEN;GBR;USA
Manilkara,mabokeensis,monghinza,
Manilkara,obovata,monghinza,
Manilkara,spp.,maçaran­duba,BRA;COL;GUF;GUY;PAN;PER;SUR;VEN;GBR;USA
Manilkara,surinamensis,maçaran­duba,BRA;COL;GUF;GUY;PAN;PER;SUR;VEN;GBR;USA
Manilkara,sylvestris,monghinza,
Mansonia,altissima,bété (mansonia),CMR;CIV;GHA;NGA
Maquira,coriacea,muiratinga,BRA
Markhamia,lutea,lusambya,
Markhamia,platycalyx,lusambya,
Marmaroxylon,racemosum,angelim rajado,BRA;GUF;GUY;SUR
Melia,azedarach,xoan,BGD;KHM;CHN;IND;IDN;NPL;PHL;THA;VNM
Mesua,ferrea,penaga ,IND;MYS;GBR
Metopium,brownei,checham,
Mezilaurus,spp.,itaùba,BRA;GUF;SUR
Micandra,spruceana,higuerilla,COL;PER;VEN
Michelia,spp.,champak,MMR;PHL
Microberlinia,bisulcata,zingana,CMR;GAB;DEU;GBR
Microberlinia,brazzavillensis,zingana,CMR;GAB;DEU;GBR
Microberlinia,spp.,zingana,CMR;GAB;DEU;GBR
Milicia,excelsa,iroko,AGO;CMR;COG;CIV;GNQ;GAB;GHA;LBR;MOZ;NGA;SLE;COD;BEL
Milicia,regia,iroko,AGO;CMR;COG;CIV;GNQ;GAB;GHA;LBR;MOZ;NGA;SLE;COD;BEL
Milicia,spp.,iroko,AGO;CMR;COG;CIV;GNQ;GAB;GHA;LBR;MOZ;NGA;SLE;COD;BEL
Millettia,laurentii,wengé,CMR;COG;GAB;COD;MOZ;TZA;DEU;FRA;GBR
Millettia,pendula,thinwin,
Millettia,stuhlmannii,wengé,CMR;COG;GAB;COD;MOZ;TZA;DEU;FRA;GBR
Mimusops,congolensis,mukulungu,AGO;CMR;CAF;COG;COD;GAB;NGA
Mimusops,djave,moabi,CMR;COG;GNQ;GAB;COD;GBR
Mimusops,heckelii,douka (makoré),CIV;GHA;GNQ;GAB
Mitragyna,ciliata,abura,AGO;CMR;COG;CIV;GNQ;GAB;GHA;NGA;SLE;UGA;COD;ZMB;FRA
Mitragyna,rubrostipulata,abura,AGO;CMR;COG;CIV;GNQ;GAB;GHA;NGA;SLE;UGA;COD;ZMB;FRA
Mitragyna,stipulosa,abura,AGO;CMR;COG;CIV;GNQ;GAB;GHA;NGA;SLE;UGA;COD;ZMB;FRA
Monopetalanthus,coriaceus,andoung,GAB
Monopetalanthus,durandii,andoung,GAB
Monopetalanthus,hedinii,andoung,GAB
Monopetalanthus,heitzii,andoung,GAB
Monopetalanthus,letestui,andoung,GAB
Monopetalanthus,spp.,andoung,GAB
Mora,spp.,mora,
Moronobea,coccinea,manil montagne,BRA;GUF;GUY;SUR
Morus,lactea,difou,PRT;FRA;GBR
Morus,mesozygia,difou,PRT;FRA;GBR
Myristica,castaneifolia,kaudamu,
Myrocarpus,frondosus,cabreùva,
Myroxylon,balsamum,balsamo,MEX;PER;FRA
Nauclea,diderrichii,bilinga,AGO;BEN;CMR;CAF;COG;CIV;COD;GNQ;GHA;GAB;NGA;SLE;UGA;DEU;GBR
Nauclea,gilletii,bilinga,AGO;BEN;CMR;CAF;COG;CIV;COD;GNQ;GHA;GAB;NGA;SLE;UGA;DEU;GBR
Nauclea,trillesii,bilinga,AGO;BEN;CMR;CAF;COG;CIV;COD;GNQ;GHA;GAB;NGA;SLE;UGA;DEU;GBR
Nauclea,xanthoxylon,bilinga,AGO;BEN;CMR;CAF;COG;CIV;COD;GNQ;GHA;GAB;NGA;SLE;UGA;DEU;GBR
Nectandra,spp.,canelo,BRA;COL;ECU;GUF;GUY;PER;SUR;TTO;VEN
Neolamarckia,cadamba,kadam,IDN;MYS;MMR;PHL
Neolamarckia,macrophylla,kadam,IDN;MYS;MMR;PHL
Neolamarckia,spp.,kadam,IDN;MYS;MMR;PHL
Nesogordonia,kabingaensis,kotibé,AGO;CMR;CAF;CIV;GAB;GHA;NGA;COD;GBR
Nesogordonia,papaverifera,kotibé,AGO;CMR;CAF;CIV;GAB;GHA;NGA;COD;GBR
Nesogordonia,spp.,kotibé,AGO;CMR;CAF;CIV;GAB;GHA;NGA;COD;GBR
Newtonia,buchananii,mafumati,
Newtonia,leucocarpa,ossimiale,
Ochroma,lagopus,balsa,BOL;BRA;COL;ECU;SLV;GTM;HND;NIC;PER;TTO;VEN
Ochroma,pyramidale,balsa,BOL;BRA;COL;ECU;SLV;GTM;HND;NIC;PER;TTO;VEN
Ocotea,porosa,imbuia,BRA;GBR;USA
Ocotea,puberula,keriti silverballi,ARG;BRA;PER;PRY;SUR
Ocotea,rubra,louro vermelho,BRA;GUF;GUY;SUR;GBR
Ocotea,spp.,canelo,BRA;COL;ECU;GUF;GUY;PER;SUR;TTO;VEN
Ocotea,usambarensis,kikenzi,
Octomeles,sumatrana,benuang,IDN;PNG;PHL
Oldfieldia,africana,vésàmbata,
Olea,hochstetteri,musharagi,GBR
Olea,welwitschii,loliondo,GBR
Ongokea,gore,angueuk,CMR;CIV;GAB;COD
Oreomunnea,pterocarpa,gavilán blanco,
Ormosia,coutinhoi,tento,BRA;COL;GUF;GUY;PER;PRI;SUR;VEN
Ormosia,spp.,tento,BRA;COL;GUF;GUY;PER;PRI;SUR;VEN
Oxystigma,oxyphyllum,tchitola,AGO;CMR;COG;COD;GAB;NGA
Pachyelasma,tessmannii,eyek,
Pachylobus,buettneri,ozigo,GNQ;GAB;DEU
Pachylobus,pubescens,safukala,
Pahylobus,deliciosa,adjouaba,COD;COG;GAB
Palaquium,acuminatum,nyatoh,IND;IDN;MYS;PNG;PHL;THA;VNM;NLD;GBR
Palaquium,gutta,nyatoh,IND;IDN;MYS;PNG;PHL;THA;VNM;NLD;GBR
Palaquium,hexandrum,nyatoh,IND;IDN;MYS;PNG;PHL;THA;VNM;NLD;GBR
Palaquium,maingayi,nyatoh,IND;IDN;MYS;PNG;PHL;THA;VNM;NLD;GBR
Palaquium,rostratum,nyatoh,IND;IDN;MYS;PNG;PHL;THA;VNM;NLD;GBR
Palaquium,spp.,nyatoh,IND;IDN;MYS;PNG;PHL;THA;VNM;NLD;GBR
Palaquium,xanthochymum,nyatoh,IND;IDN;MYS;PNG;PHL;THA;VNM;NLD;GBR
Paraberlinia,bifoliolata,awoura,CMR;GAB;FRA;DEU
Parahancornia,fasciculata,dukali,
Paraserianthes,falcataria,batai,PHL;IDN;MYS;GBR
Parashorea,densiflora,gerutu,IND;IDN;LAO;MYS;THA
Parashorea,lucida,gerutu,IND;IDN;LAO;MYS;THA
Parashorea,macrophylla, white (white lauan) seraya,IDN;MYS;MMR;PHL;VNM
Parashorea,malaanonan, white meranti; white (white lauan) seraya,KHM;IDN;MYS;MMR;PHL;THA;VNM;IDN;MYS;MMR;PHL;VNM
Parashorea,parvifolia,gerutu,IND;IDN;LAO;MYS;THA
Parashorea,plicata, white (white lauan) seraya,IDN;MYS;MMR;PHL;VNM
Parashorea,smythiesii,gerutu,IND;IDN;LAO;MYS;THA
Parashorea,tomentella, white (white lauan) seraya,IDN;MYS;MMR;PHL;VNM
Parinari,campestris,burada,BRA;GUF;GUY;SUR;VEN
Parinari,excelsa,sougué,LBR;NGA;SEN;TZA;UGA
Parinari,tenuifolia,sougué,LBR;NGA;SEN;TZA;UGA
Parkia,multijuga,faveira,BRA;COL;ECU;GUF;GUY;PER;SUR;VEN
Parkia,velutina,pashaco,
Pausinystalia,macroceras,tsanya,
Payena,maingayi,nyatoh,IND;IDN;MYS;PNG;PHL;THA;VNM;NLD;GBR
Payena,spp.,nyatoh,IND;IDN;MYS;PNG;PHL;THA;VNM;NLD;GBR
Peltogyne,maranhensis,pau roxo,BRA;COL;GUY;MEX;SUR;FRA;NLD;GBR;USA
Peltophorum,dubium,ibirà pytâ,ARG;BRA;PRY
Peltophorum,vogelianum,ibirà pytâ,ARG;BRA;PRY
Pentace,spp.,melunak,MYS;MMR;THA
Pentaclethra,macrophylla,mubala,
Pentacme,siamensis,ingyin,
Pentadesma,butyracea,kiasose,
Pentadesma,lebrunii,kiasose,
Pericopsis,elata,afrormosia,CMR;CAF;CIV;GHA;COD;FRA
Petersia,africana,essia,GBR
Petersianthus,macrocarpus,essia,GBR
Phaseolodes,pendulum,thinwin,
Phoebe,porosa,imbuia,BRA;GBR;USA
Picralima,klaineana,obéro,
Picralima,nitida,obéro,
Piptadenia,africana,dabéma,CMR;COG;CIV;GNQ;GAB;GHA;LBR;NGA;UGA;SLE;COD;GBR
Piptadenia,buchananii,mafumati,
Piptadenia,leucocarpa,ossimiale,
Piptadeniastrum,africanum,dabéma,CMR;COG;CIV;GNQ;GAB;GHA;LBR;NGA;UGA;SLE;COD;GBR
Plagiostyles,africana,essoula,
Planchonella,pachycarpa,goiabao,BRA
Platonia,insignis,parcouri,BRA;ECU;GUF;GUY;SUR
Platycyamus,regnellii,trebol,BLZ;BRA;COL;CRI;SLV;HND;MEX;PER;VEN
Platymiscium,duckei,trebol,BLZ;BRA;COL;CRI;SLV;HND;MEX;PER;VEN
Platymiscium,pinnatum,trebol,BLZ;BRA;COL;CRI;SLV;HND;MEX;PER;VEN
Platymiscium,pleiostachyum,cristobal granadillo,
Platymiscium,spp.,trebol,BLZ;BRA;COL;CRI;SLV;HND;MEX;PER;VEN
Platymiscium,trinitatis,trebol,BLZ;BRA;COL;CRI;SLV;HND;MEX;PER;VEN
Platymiscium,ulei,trebol,BLZ;BRA;COL;CRI;SLV;HND;MEX;PER;VEN
Poga,oleosa,ovoga,CMR;GAB;NGA
Pometia,spp.,kasai,PNG;MMR;PHL;VNM;FRA;ESP;GBR
Pouteria,pachycarpa,goiabao,BRA
Pouteria,speciosa,suya,BRA;GUY
Pouteria,spp.,platano,
Pouteria,superba,aniégré (aningré),AGO;CAF;COG;CIV;ETH;KEN;NGA;UGA;COD;DEU;ITA;GBR
Prioria,copaifera,cativo,COL;PAN;VEN
Protium,spp.,kurokaï,BOL;BRA;COL;ECU;GUF;GUY;PER;SUR;VEN
Prunus,africana,mueri,GBR
Pseudobombax,ellipticum,amapola,
Pseudosindora,palustris,sepetir,KHM;IDN;MYS;PHL;THA
Ptaeroxylon,obliquum,paco,
Pteleopsis,hylodendron,osanga,CMR;CIV;COD
Pterocarpus,africanus,vene,BFA;GNQ;GIN;GNB;MLI;NGA;SEN
Pterocarpus,angolensis,muninga,
Pterocarpus,erinaceus,vene,BFA;GNQ;GIN;GNB;MLI;NGA;SEN
Pterocarpus,indicus,padauk amboyna,IND;IDN;MYS;MMR;PNG;PHL;FRA;DEU;GBR;JPN
Pterocarpus,officinalis,drago,FRA;GBR
Pterocarpus,osun,padouk d’afrique,AGO;CMR;COG;GNQ;GAB;NGA;CAF;COD;DEU;BEL;ITA;NLD;GBR
Pterocarpus,soyauxii,padouk d’afrique,AGO;CMR;COG;GNQ;GAB;NGA;CAF;COD;DEU;BEL;ITA;NLD;GBR
Pterocarpus,tinctorius,padouk d’afrique,AGO;CMR;COG;GNQ;GAB;NGA;CAF;COD;DEU;BEL;ITA;NLD;GBR
Pterocarpus,vidalianus,padauk amboyna,IND;IDN;MYS;MMR;PNG;PHL;FRA;DEU;GBR;JPN
Pterocymbium,beccarii,amberoi,IDN;MYS;MMR;PHL;THA
Pterygopodium,oxyphyllum,tchitola,AGO;CMR;COG;COD;GAB;NGA
Pterygota,bequaertii,koto ,CAF;CIV;GAB;GHA;NGA;COD;DEU;GBR
Pterygota,macrocarpa,koto ,CAF;CIV;GAB;GHA;NGA;COD;DEU;GBR
Pterygota,spp.,koto ,CAF;CIV;GAB;GHA;NGA;COD;DEU;GBR
Pycnanthus,angolensis,ilomba,AGO;CMR;COG;CIV;GNQ;GAB;GHA;NGA;SLE;COD
Pycnanthus,kombo,ilomba,AGO;CMR;COG;CIV;GNQ;GAB;GHA;NGA;SLE;COD
Pygeum,africanum,mueri,GBR
Qualea,spp.,mandio­queira,BRA;GUF;SUR;VEN
Rapanea,rhododendroides,mugaita,
Rhamnus,zeyheri,pau rosapau,GBR
Rhodognaphalon,brevicuspe,kondroti,BEN;CMR;COG;CIV;GAB;GHA;MOZ;NGA;TZA;GBR
Rhodognaphalon,schumannianum,kondroti,BEN;CMR;COG;CIV;GAB;GHA;MOZ;NGA;TZA;GBR
Ricinodendron,africanum,essessang,BEN;COG;CIV;GHA;MOZ;TGO;GBR
Ricinodendron,heudelotii,essessang,BEN;COG;CIV;GHA;MOZ;TGO;GBR
Ricinodendron,rautanenii,essessang,BEN;COG;CIV;GHA;MOZ;TGO;GBR
Ricinodendron,spp.,essessang,BEN;COG;CIV;GHA;MOZ;TGO;GBR
Sabal,mauritiiformis,guágara,
Sacoglottis,gabonensis,ozouga,CMR;COG;CIV;GAB;GHA;NGA;SLE
Santalum,album,sandalwood,
Santiria,spp.,kedondong,IND;IDN;MYS;PHL;THA;VNM
Sarcocephalus,diderrichii,bilinga,AGO;BEN;CMR;CAF;COG;CIV;COD;GNQ;GHA;GAB;NGA;SLE;UGA;DEU;GBR
Sarcocephalus,xanthoxylon,bilinga,AGO;BEN;CMR;CAF;COG;CIV;COD;GNQ;GHA;GAB;NGA;SLE;UGA;DEU;GBR
Scaphium,spp.,kembang semangkok,MYS;MMR;THA
Schefflera,morototoni,morototo,ARG;BRA;COL;CUB;MEX;PRI;SUR;VEN
Schinus,molle,peruvian pepper,FRA;GBR
Schizolobium,amazonicum,gavilan,
Scorodocarpus,borneensis,kulim,MYS
Scorodophloeus,zenkeri,divida,
Scottellia,coriacea,akossika,CMR;CAF;GAB;GHA;LBR;NGA;DEU;ITA;GBR
Scottellia,spp.,akossika,CMR;CAF;GAB;GHA;LBR;NGA;DEU;ITA;GBR
Scyphocephalium,mannii,ossoko,GAB
Scyphocephalium,ochocoa,ossoko,GAB
Scytopetalum,spp.,odzikouna,
Senna,siamea,djohar,FRA
Shorea,acuminata, dark red meranti; light red meranti,IDN;MYS;PHL;GBR;USA;IDN;MYS;PHL;THA
Shorea,acuminatissima, yellow meranti,IDN;MYS;THA
Shorea,agami, white meranti,KHM;IDN;MYS;MMR;PHL;THA;VNM
Shorea,albida,alan; light red meranti,MYS;IDN;MYS;PHL;THA
Shorea,argentea,balau yellow ,IND;IDN;MYS;MMR;PHL;THA;DEU;GBR
Shorea,argentifolia, dark red meranti; light red meranti,IDN;MYS;PHL;GBR;USA;IDN;MYS;PHL;THA
Shorea,assamica, white meranti,KHM;IDN;MYS;MMR;PHL;THA;VNM
Shorea,atrinervosa,balau yellow ,IND;IDN;MYS;MMR;PHL;THA;DEU;GBR
Shorea,balangeran,balau red ;balau yellow ,IDN;MYS;PHL;THA;DEU;GBR;IND;IDN;MYS;MMR;PHL;THA;DEU;GBR
Shorea,barbata,balau yellow ,IND;IDN;MYS;MMR;PHL;THA;DEU;GBR
Shorea,blumutensis, yellow meranti,IDN;MYS;THA
Shorea,bracteolata, white meranti,KHM;IDN;MYS;MMR;PHL;THA;VNM
Shorea,ciliata,balau yellow ,IND;IDN;MYS;MMR;PHL;THA;DEU;GBR
Shorea,collina,balau red ,IDN;MYS;PHL;THA;DEU;GBR
Shorea,curtisii, dark red meranti,IDN;MYS;PHL;GBR;USA
Shorea,dasyphylla, light red meranti,IDN;MYS;PHL;THA
Shorea,dealbata, white meranti,KHM;IDN;MYS;MMR;PHL;THA;VNM
Shorea,dolichocarpa, yellow meranti,IDN;MYS;THA
Shorea,exelliptica,balau yellow ,IND;IDN;MYS;MMR;PHL;THA;DEU;GBR
Shorea,faguetiana, yellow meranti,IDN;MYS;THA
Shorea,faguetioides, yellow meranti,IDN;MYS;THA
Shorea,farinosa, white meranti,KHM;IDN;MYS;MMR;PHL;THA;VNM
Shorea,foxworthyi,balau yellow ,IND;IDN;MYS;MMR;PHL;THA;DEU;GBR
Shorea,gibbosa, yellow meranti,IDN;MYS;THA
Shorea,gisok,balau yellow ,IND;IDN;MYS;MMR;PHL;THA;DEU;GBR
Shorea,glauca,balau yellow ,IND;IDN;MYS;MMR;PHL;THA;DEU;GBR
Shorea,gratissima, white meranti,KHM;IDN;MYS;MMR;PHL;THA;VNM
Shorea,guiso,balau red ,IDN;MYS;PHL;THA;DEU;GBR
Shorea,gysbertsiana, light red meranti,IDN;MYS;PHL;THA
Shorea,hemsleyana, dark red meranti; dark red meranti; light red meranti,IDN;MYS;PHL;GBR;USA;IDN;MYS;PHL;GBR;USA;IDN;MYS;PHL;THA
Shorea,henryana, white meranti,KHM;IDN;MYS;MMR;PHL;THA;VNM
Shorea,hentonyensis, white meranti,KHM;IDN;MYS;MMR;PHL;THA;VNM
Shorea,hopeifolia, yellow meranti,IDN;MYS;THA
Shorea,hypochra, white meranti,KHM;IDN;MYS;MMR;PHL;THA;VNM
Shorea,inaequilateralis,balau red ,IDN;MYS;PHL;THA;DEU;GBR
Shorea,johorensis, light red meranti,IDN;MYS;PHL;THA
Shorea,kunstleri,balau red ,IDN;MYS;PHL;THA;DEU;GBR
Shorea,laevifolia,balau yellow ,IND;IDN;MYS;MMR;PHL;THA;DEU;GBR
Shorea,laevis,balau yellow ,IND;IDN;MYS;MMR;PHL;THA;DEU;GBR
Shorea,lamellata, white meranti,KHM;IDN;MYS;MMR;PHL;THA;VNM
Shorea,lepidota, light red meranti,IDN;MYS;PHL;THA
Shorea,leprosula, dark red meranti; light red meranti,IDN;MYS;PHL;GBR;USA;IDN;MYS;PHL;THA
Shorea,leptoclados, light red meranti,IDN;MYS;PHL;THA
Shorea,longisperma, yellow meranti,IDN;MYS;THA
Shorea,macrantha, dark red meranti; light red meranti,IDN;MYS;PHL;GBR;USA;IDN;MYS;PHL;THA
Shorea,macrophylla, light red meranti,IDN;MYS;PHL;THA
Shorea,macroptera, light red meranti,IDN;MYS;PHL;THA
Shorea,materialis,balau yellow ,IND;IDN;MYS;MMR;PHL;THA;DEU;GBR
Shorea,maxima, yellow meranti,IDN;MYS;THA
Shorea,maxwelliana,balau yellow ,IND;IDN;MYS;MMR;PHL;THA;DEU;GBR
Shorea,multiflora, yellow meranti,IDN;MYS;THA
Shorea,obtusa,balau yellow ;sal,IND;IDN;MYS;MMR;PHL;THA;DEU;GBR;
Shorea,ochracea, white meranti,KHM;IDN;MYS;MMR;PHL;THA;VNM
Shorea,ochrophloia,balau red ,IDN;MYS;PHL;THA;DEU;GBR
Shorea,ovalis, light red meranti,IDN;MYS;PHL;THA
Shorea,ovata, dark red meranti,IDN;MYS;PHL;GBR;USA
Shorea,pachyphylla, dark red meranti; light red meranti,IDN;MYS;PHL;GBR;USA;IDN;MYS;PHL;THA
Shorea,palembanica, light red meranti,IDN;MYS;PHL;THA
Shorea,parvifolia, dark red meranti; light red meranti,IDN;MYS;PHL;GBR;USA;IDN;MYS;PHL;THA
Shorea,pauciflora, dark red meranti,IDN;MYS;PHL;GBR;USA
Shorea,peltata, yellow meranti,IDN;MYS;THA
Shorea,platycarpa, dark red meranti; light red meranti,IDN;MYS;PHL;GBR;USA;IDN;MYS;PHL;THA
Shorea,platyclados, dark red meranti,IDN;MYS;PHL;GBR;USA
Shorea,polita, white meranti,KHM;IDN;MYS;MMR;PHL;THA;VNM
Shorea,polysperma, dark red meranti,IDN;MYS;PHL;GBR;USA
Shorea,quadrinervis, light red meranti,IDN;MYS;PHL;THA
Shorea,resina-nigra, yellow meranti,IDN;MYS;THA
Shorea,resinosa, white meranti,KHM;IDN;MYS;MMR;PHL;THA;VNM
Shorea,revoluta, light red meranti,IDN;MYS;PHL;THA
Shorea,robusta,sal,
Shorea,roxburghii,balau yellow ; white meranti,IND;IDN;MYS;MMR;PHL;THA;DEU;GBR;KHM;IDN;MYS;MMR;PHL;THA;VNM
Shorea,rugosa,meranti bakau,
Shorea,sandakanensis, light red meranti,IDN;MYS;PHL;THA
Shorea,scrobiculata,balau yellow ,IND;IDN;MYS;MMR;PHL;THA;DEU;GBR
Shorea,seminis,balau yellow ,IND;IDN;MYS;MMR;PHL;THA;DEU;GBR
Shorea,sericeiflora, white meranti,KHM;IDN;MYS;MMR;PHL;THA;VNM
Shorea,singkawang, dark red meranti,IDN;MYS;PHL;GBR;USA
Shorea,smithiana, light red meranti,IDN;MYS;PHL;THA
Shorea,spp.,balau red ;balau yellow ; dark red meranti; light red meranti; white meranti; yellow meranti,IDN;MYS;PHL;THA;DEU;GBR;IND;IDN;MYS;MMR;PHL;THA;DEU;GBR;IDN;MYS;PHL;GBR;USA;IDN;MYS;PHL;THA;KHM;IDN;MYS;MMR;PHL;THA;VNM;IDN;MYS;THA
Shorea,stalura, white meranti,KHM;IDN;MYS;MMR;PHL;THA;VNM
Shorea,submontana,balau yellow ,IND;IDN;MYS;MMR;PHL;THA;DEU;GBR
Shorea,sumatrana,balau yellow ,IND;IDN;MYS;MMR;PHL;THA;DEU;GBR
Shorea,superba,balau yellow ,IND;IDN;MYS;MMR;PHL;THA;DEU;GBR
Shorea,teysmanniana, light red meranti,IDN;MYS;PHL;THA
Shorea,uliginosa,meranti bakau,
Sideroxylon,altissimum,aniégré (aningré),AGO;CAF;COG;CIV;ETH;KEN;NGA;UGA;COD;DEU;ITA;GBR
Simarouba,amara,marupa,BOL;BRA;COL;ECU;GUF;GUY;PER;SUR;VEN;GBR
Sindora,affinis,sepetir,KHM;IDN;MYS;PHL;THA
Sindora,coriacea,sepetir,KHM;IDN;MYS;PHL;THA
Sindora,echinocalyx,sepetir,KHM;IDN;MYS;PHL;THA
Sindora,parvifolia,sepetir,KHM;IDN;MYS;PHL;THA
Sindora,siamensis,sepetir,KHM;IDN;MYS;PHL;THA
Sindora,spp.,sepetir,KHM;IDN;MYS;PHL;THA
Sindora,velutina,sepetir,KHM;IDN;MYS;PHL;THA
Sindoropsis,letestui,gheombi,CMR;GAB
Siparuna,spp.,muniridan,
Spirostachys,africana,tamboti,
Spondias,mombin,mopé,
Staudtia,gabonensis,niové,AGO;CMR;CAF;GNQ;GAB;COD
Staudtia,kamerunensis,niové,AGO;CMR;CAF;GNQ;GAB;COD
Staudtia,stipitata,niové,AGO;CMR;CAF;GNQ;GAB;COD
Steganthus,welwitschii,loliondo,GBR
Sterculia,apetala,chicha / xixa ,BOL;BRA;COL;CUB;ECU;GUF;GUY;MEX;PER;PRI;SUR;TTO;VEN
Sterculia,oblonga,eyong,CMR;CAF;CIV;GNQ;GAB;GHA;NGA;GBR
Sterculia,rhinopetala,lotofa,CMR;CIV;GHA;NGA;GBR
Sterculia,spp.,chicha / xixa ,BOL;BRA;COL;CUB;ECU;GUF;GUY;MEX;PER;PRI;SUR;TTO;VEN
Sterculia,vitiensis,fijian sterculia,
Strombosia,glaucescens,afina,CIV;NGA
Strombosia,pustulata,afina,CIV;NGA
Swartzia,benthamiana,saboarana,GUY
Swartzia,fistuloides,pao rosa,CMR;COG;CIV;CAF;COD;GAB;MOZ;NGA
Swartzia,jorori,jorori,
Swartzia,leiocalycina,panacoco,BRA;GUF;GUY;SUR;DEU;GBR
Swartzia,madagascariensis,pao rosa,CMR;COG;CIV;CAF;COD;GAB;MOZ;NGA
Swietenia,candollei,mahogany,BOL;BRA;COL;CUB;DOM;GTM;HTI;MEX;NIC;PER;VEN;FRA;ITA;NLD;ESP;GBR;USA
Swietenia,humilis,mahogany,BOL;BRA;COL;CUB;DOM;GTM;HTI;MEX;NIC;PER;VEN;FRA;ITA;NLD;ESP;GBR;USA
Swietenia,krukovii,mahogany,BOL;BRA;COL;CUB;DOM;GTM;HTI;MEX;NIC;PER;VEN;FRA;ITA;NLD;ESP;GBR;USA
Swietenia,macrophylla,mahogany,BOL;BRA;COL;CUB;DOM;GTM;HTI;MEX;NIC;PER;VEN;FRA;ITA;NLD;ESP;GBR;USA
Swietenia,mahagoni,mahogany,BOL;BRA;COL;CUB;DOM;GTM;HTI;MEX;NIC;PER;VEN;FRA;ITA;NLD;ESP;GBR;USA
Swietenia,tessmannii,mahogany,BOL;BRA;COL;CUB;DOM;GTM;HTI;MEX;NIC;PER;VEN;FRA;ITA;NLD;ESP;GBR;USA
Swintonia,floribunda,merpauh,KHM;IND;MYS;MMR;PAK;VNM
Swintonia,penangiana,merpauh,KHM;IND;MYS;MMR;PAK;VNM
Swintonia,pierrei,merpauh,KHM;IND;MYS;MMR;PAK;VNM
Swintonia,schwenkii,merpauh,KHM;IND;MYS;MMR;PAK;VNM
Swintonia,spicifera,merpauh,KHM;IND;MYS;MMR;PAK;VNM
Swintonia,spp.,merpauh,KHM;IND;MYS;MMR;PAK;VNM
Symphonia,globulifera,manil,BOL;BRA;COL;ECU;GUF;GUY;PER;SUR;TTO;VEN;USA
Syzygiopsis,pachycarpa,goiabao,BRA
Tabebuia,capitata,ipé,ARG;BOL;BRA;COL;GUF;GUY;PRY;PER;SUR;TTO;VEN
Tabebuia,donnell-smithii,primavera,GBR
Tabebuia,impetiginosa,ipé,ARG;BOL;BRA;COL;GUF;GUY;PRY;PER;SUR;TTO;VEN
Tabebuia,ipe,ipé,ARG;BOL;BRA;COL;GUF;GUY;PRY;PER;SUR;TTO;VEN
Tabebuia,serratifolia,ipé,ARG;BOL;BRA;COL;GUF;GUY;PRY;PER;SUR;TTO;VEN
Tapirira,guianensis,cedroi,GUY
Tapirira,spp.,cedroi,GUY
Taralea,oppositifolia,almendrillo,
Tarrietia,densiflora,niangon,CIV;GAB;GHA;LBR;SLE
Tarrietia,perakensis,mengkulang,KHM;IDN;MYS;MMR;PHL;THA;VNM;AUS
Tarrietia,spp.,mengkulang,KHM;IDN;MYS;MMR;PHL;THA;VNM;AUS
Tarrietia,utilis,niangon,CIV;GAB;GHA;LBR;SLE
Tectona,grandis,teak,IND;IDN;LAO;MMR;THA;VNM;FRA;DEU
Terminalia,amazonia,nargusta,BRA;COL;HND;MEX;PAN;VEN
Terminalia,catappa, brown terminalia,
Terminalia,complanata, yellow terminalia,
Terminalia,guyanensis,nargusta,BRA;COL;HND;MEX;PAN;VEN
Terminalia,ivorensis,framiré,CMR;CIV;GHA;LBR;NGA;SLE;GBR
Terminalia,longispicata, yellow terminalia,
Terminalia,sogerensis, yellow terminalia,
Terminalia,superba,limba,CMR;CAF;COG;CIV;GNQ;GHA;NGA;SLE;COD;FRA;USA
Terminalia,tomentosa, indian laurel,KHM;IDN;LAO;MMR;PHL;THA;VNM
Tessmannia,africana,wamba,
Tessmannia,claessensii,wamba,
Tessmannia,lescrauwaetii,wamba,
Testulea,gabonensis,izombé,CMR;COG;GAB
Tetraberlinia,bifoliolata,ekaba,CMR;COG;GNQ;GAB;LBR;DEU;NLD;ESP;GBR
Tetraberlinia,spp.,ekaba,CMR;COG;GNQ;GAB;LBR;DEU;NLD;ESP;GBR
Tetraberlinia,tubmaniana,ekaba,CMR;COG;GNQ;GAB;LBR;DEU;NLD;ESP;GBR
Tetragastris,spp.,sali,BRA;COL;GUF;GUY;NIC;PRI
Tetramerista,glabra,punah,IDN;MYS
Tieghemella,africana,douka (makoré),CIV;GHA;GNQ;GAB
Tieghemella,heckelii,douka (makoré),CIV;GHA;GNQ;GAB
Tieghemella,spp.,douka (makoré),CIV;GHA;GNQ;GAB
Tipuana,tipu,tipa,
Toona,australis,suren,KHM;IND;IDN;MYS;MMR;PNG;PHL;THA;VNM;AUS;GBR;USA
Toona,calantas,suren,KHM;IND;IDN;MYS;MMR;PNG;PHL;THA;VNM;AUS;GBR;USA
Toona,ciliata,suren,KHM;IND;IDN;MYS;MMR;PNG;PHL;THA;VNM;AUS;GBR;USA
Toona,febrifuga,suren,KHM;IND;IDN;MYS;MMR;PNG;PHL;THA;VNM;AUS;GBR;USA
Toona,sureni,suren,KHM;IND;IDN;MYS;MMR;PNG;PHL;THA;VNM;AUS;GBR;USA
Trachylobium,verrucosum,mtandarusi,GBR
Trattinickia,spp.,breu-sucuruba,BRA
Trichilia,catigua,catiguà,
Triplaris,cumingiana,formigueiro,ECU
Triplaris,guayaquilensis,formigueiro,ECU
Triplochiton,scleroxylon,ayous (obéché),CMR;CAF;CIV;GNQ;GHA;NGA;FRA;DEU;GBR;USA
Turraeanthus,africana,avodiré,CIV;GHA;LBR;NGA;COD;BEL
Uapaca,guineensis,rikio,CMR;CIV;NGA
Uapaca,spp.,rikio,CMR;CIV;NGA
Vatairea,guianensis,arisauro,BRA
Vatairea,paraensis,faveira amargosa,BRA;COL;GUY;GUF;HND;PAN;PER;SUR
Vatica,spp.,resak,
Virola,spp.,virola,COL;ECU;GUF;GUY;HND;PER;SUR;TTO;VEN;GBR
Vitellaria,paradoxa,karité,
Vitex,ciliata,evino,
Vitex,pachyphylla,evino,
Vitex,parviflora,molave,IDN;PHL
Vochysia,guatemalensis,quaruba,GUY
Vochysia,schomburgkii,quaruba,GUY
Vochysia,spp.,quaruba,GUY
Vouacapoua,spp.,wacapou,BRA;GUY;SUR;GBR;USA
Warburgia,ugandensis,muziga,
Wulfhorstia,ekebergioides,mutaco,
Xylia,spp.,pyinkado,
Zanthoxylum,gilletii,olonvogo,
