sc_name,genus,species,type,family
,Acacia,auriculiformis,,Leguminosae
,Acacia,crassicarpa,,Leguminosae
,Acacia,decurrens,,Leguminosae
,Acacia,koa,,Leguminosae
,Acacia,mangium,,Leguminosae
,Acacia,mearnsii,,Leguminosae
,Acacia,melanoxylon,,Leguminosae
,Acacia,nilotica,,Leguminosae
,Acacia,pubescens,,Leguminosae
,Acer,campestre,,Sapindaceae
,Acer,macrophyllum,,Sapindaceae
,Acer,negundo,,Sapindaceae
,Acer,palmatum,,Sapindaceae
,Acer,pensylvanicum,,Sapindaceae
,Acer,pictum,,Sapindaceae
,Acer,platanus,,Sapindaceae
,Acer,pseudoplatanus,,Sapindaceae
,Acer,rubrum,,Sapindaceae
,Acer,saccharinum,,Sapindaceae
,Acer,saccharum,,Sapindaceae
,Acer,saccharum,,Sapindaceae
,Acer,nigrum,,Sapindaceae
,Acosmium,panamense,,Leguminosae
,Acrocarpus,fraxinifolius,,Leguminosae
,Adenanthera,pavonina,,Leguminosae
,Aesculus,flava,,Sapindaceae
,Aesculus,glabra,,Sapindaceae
,Aesculus,hippocastanum,,Sapindaceae
,Aesculus,turbinata,,Sapindaceae
,Afzelia,africana,,Leguminosae
,Afzelia,bella,,Leguminosae
,Afzelia,bipindensis,,Leguminosae
,Afzelia,pachyloba,,Leguminosae
,Afzelia,quanzensis,,Leguminosae
,Afzelia,rhomboidea,,Leguminosae
,Afzelia,xylocarpa,,Leguminosae
,Aglaia,cucullata,,Meliaceae
,Aglaia,spectabilis,,Meliaceae
,Ailanthus,altissima,,Simaroubaceae
,Ailanthus,triphysa,,Simaroubaceae
,Alangium,meyeri,,Cornaceae
,Albizia,adianthifolia,,Leguminosae
,Albizia,antunesiana,,Leguminosae
,Albizia,ferruginea,,Leguminosae
,Albizia,guachapele,,Leguminosae
,Albizia,gummifera,,Leguminosae
,Albizia,lebbeck,,Leguminosae
,Albizia,lebbekoides,,Leguminosae
,Albizia,pedicellaris,,Leguminosae
,Albizia,procera,,Leguminosae
,Albizia,saman,,Leguminosae
,Albizia,versicolor,,Leguminosae
,Albizia,zygia,,Leguminosae
,Alchornea,triplinervia,,Euphorbiaceae
,Aleurites,moluccanus,,Euphorbiaceae
,Alexa,grandiflora,,Leguminosae
,Alexa,imperatricis,,Leguminosae
,Alexa,wachenheimii,,Leguminosae
,Allantoma,integrifolia,,Lecythidaceae
,Allantoma,pluriflora,,Lecythidaceae
,Allophylus,cobbe,,Sapindaceae
,Alnus,glutinosa,,Betulaceae
,Alnus,incana,,Betulaceae
,Alnus,nepalensis,,Betulaceae
,Alnus,rubra,,Betulaceae
,Alphitonia,philippinensis,,Rhamnaceae
,Alphitonia,zizyphoides,,Rhamnaceae
,Alseodaphne,archboldiana,,Lauraceae
,Alseodaphne,malabonga,,Lauraceae
,Alstonia,actinophylla,,Apocynaceae
,Alstonia,angustifolia,,Apocynaceae
,Alstonia,angustiloba,,Apocynaceae
,Alstonia,boonei,,Apocynaceae
,Alstonia,congensis,,Apocynaceae
,Alstonia,macrophylla,,Apocynaceae
,Alstonia,scholaris,,Apocynaceae
,Alstonia,spatulata,,Apocynaceae
,Altingia,excelsa,,Altingiaceae
,Amblygonocarpus,andongensis,,Leguminosae
,Amburana,cearensis,,Leguminosae
,Amphimas,ferrugineus,,Leguminosae
,Amphimas,pterocarpoides,,Leguminosae
,Anacardium,excelsum,,Anacardiaceae
,Anacardium,giganteum,,Anacardiaceae
,Anacardium,occidentale,,Anacardiaceae
,Anacardium,spruceanum,,Anacardiaceae
,Andira,coriacea,,Leguminosae
,Andira,inermis,,Leguminosae
,Androstachys,johnsonii,,Picrodendraceae
,Aniba,canellila,,Lauraceae
,Aniba,parviflora,,Lauraceae
,Aniba,rosaeodora,,Lauraceae
,Anisoptera,costata,,Dipterocarpaceae
,Anisoptera,curtisii,,Dipterocarpaceae
,Anisoptera,laevis,,Dipterocarpaceae
,Anisoptera,marginata,,Dipterocarpaceae
,Anisoptera,scaphula,,Dipterocarpaceae
,Anisoptera,thurifera,,Dipterocarpaceae
,Annickia,chlorantha,,Annonaceae
,Anogeissus,acuminata,,Combretaceae
,Anogeissus,latifolia,,Combretaceae
,Anonidium,mannii,,Annonaceae
,Anopyxis,klaineana,,Rhizophoraceae
,Antiaris,toxicaria,,Moraceae
,Antiaris,welwitschii,,Moraceae
,Antiaris,toxicaria,,Moraceae
,Antiaris,toxicaria,,Moraceae
,Antiaris,toxicaria,,Moraceae
,Antrocaryon,klaineanum,,Anacardiaceae
,Antrocaryon,micraster,,Anacardiaceae
,Apeiba,glabra,,Malvaceae
,Aphananthe,philippinensis,,Cannabaceae
,Aphanocalyx,heitzii,,Leguminosae
,Apuleia,leiocarpa,,Leguminosae
,Aquilaria,malaccensis,,Thymelaeaceae
,Arbutus,menziesii,,Ericaceae
,Arbutus,unedo,,Ericaceae
,Archidendropsis,xanthoxylon,,Leguminosae
,Artocarpus,altilis,,Moraceae
,Artocarpus,chama,,Moraceae
,Artocarpus,elasticus,,Moraceae
,Artocarpus,hirsutus,,Moraceae
,Artocarpus,integer,,Moraceae
,Artocarpus,lanceifolius,,Moraceae
,Artocarpus,ovatus,,Moraceae
,Artocarpus,rigidus,,Moraceae
,Artocarpus,scortechinii,,Moraceae
,Aspidosperma,album,,Apocynaceae
,Aspidosperma,desmanthum,,Apocynaceae
,Aspidosperma,megalocarpon,,Apocynaceae
,Aspidosperma,polyneuron,,Apocynaceae
,Aspidosperma,quebracho-blanco,,Apocynaceae
,Aspidosperma,tomentosum,,Apocynaceae
,Aspidosperma,vargasii,,Apocynaceae
,Aspidostemon,perrieri,,Lauraceae
,Asteropeia,rhopaloides,,Asteropeiaceae
,Astronium,fraxinifolium,,Anacardiaceae
,Astronium,graveolens,,Anacardiaceae
,Astronium,lecointei,,Anacardiaceae
,Astronium,urundeuva,,Anacardiaceae
,Atherosperma,moschatum,,Atherospermataceae
,Aucoumea,klaineana,,Burseraceae
,Autranella,congolensis,,Sapotaceae
,Azadirachta,excelsa,,Meliaceae
,Azadirachta,indica,,Meliaceae
,Bagassa,guianensis,,Moraceae
,Baikiaea,insignis,,Leguminosae
,Baikiaea,plurijuga,,Leguminosae
,Baillonella,toxisperma,,Sapotaceae
,Balakata,baccata,,Euphorbiaceae
,Balakata,luzonica,,Euphorbiaceae
,Balanocarpus,heimii,,Dipterocarpaceae
,Balfourodendron,riedelianum,,Rutaceae
,Balmea,stormiae,,Rubiaceae
,Baphia,nitida,,Leguminosae
,Barringtonia,acutangula,,Lecythidaceae
,Bastardiopsis,densiflora,,Malvaceae
,Batesia,floribunda,,Leguminosae
,Beccariophoenix,madagascariensis,,Arecaceae
,Beilschmiedia,letouzeyi,,Lauraceae
,Beilschmiedia,mannii,,Lauraceae
,Beilschmiedia,tawa,,Lauraceae
,Beilschmiedia,velutina,,Lauraceae
,Berchemia,zeyheri,,Rhamnaceae
,Berlinia,auriculata,,Leguminosae
,Berlinia,bracteosa,,Leguminosae
,Berlinia,confusa,,Leguminosae
,Berlinia,grandiflora,,Leguminosae
,Bertholletia,excelsa,,Lecythidaceae
,Betula,alleghaniensis,,Betulaceae
,Betula,alnoides,,Betulaceae
,Betula,lenta,,Betulaceae
,Betula,maximowicziana,,Betulaceae
,Betula,nigra,,Betulaceae
,Betula,papyrifera,,Betulaceae
,Betula,pendula,,Betulaceae
,Betula,populifolia,,Betulaceae
,Betula,pubescens,,Betulaceae
,Betula,schmidtii,,Betulaceae
,Bischofia,javanica,,Phyllanthaceae
,Bixa,arborea,,Bixaceae
,Bixa,orellana,,Bixaceae
,Bobgunnia,fistuloides,,Leguminosae
,Bobgunnia,madagascariensis,,Leguminosae
,Bombax,brevicuspe,,Malvaceae
,Bombax,ceiba,,Malvaceae
,Borassus,flabellifer,,Arecaceae
,Bowdichia,nitida,,Leguminosae
,Bowdichia,virgilioides,,Leguminosae
,Brachylaena,huillensis,,Compositae
,Brachylaena,merana,,Compositae
,Brachylaena,ramiflora,,Compositae
,Brachystegia,cynometroides,,Leguminosae
,Brachystegia,eurycoma,,Leguminosae
,Brachystegia,laurentii,,Leguminosae
,Brachystegia,leonensis,,Leguminosae
,Brachystegia,mildbraedii,,Leguminosae
,Brachystegia,nigerica,,Leguminosae
,Brachystegia,spiciformis,,Leguminosae
,Brachystegia,zenkeri,,Leguminosae
,Breonadia,salicina,,Rubiaceae
,Breonia,madagascariensis,,Rubiaceae
,Breviea,sericea,,Sapotaceae
,Bridelia,grandis,,Phyllanthaceae
,Bridelia,micrantha,,Phyllanthaceae
,Brosimum,alicastrum,,Moraceae
,Brosimum,costaricanum,,Moraceae
,Brosimum,guianense,,Moraceae
,Brosimum,parinarioides,,Moraceae
,Brosimum,potabile,,Moraceae
,Brosimum,rubescens,,Moraceae
,Brosimum,utile,,Moraceae
,Buchanania,arborescens,,Anacardiaceae
,Buchanania,latifolia,,Anacardiaceae
,Buchenavia,tetraphylla,,Combretaceae
,Bucida,buceras,,Combretaceae
,Bulnesia,arborea,,Zygophyllaceae
,Bulnesia,carrapo,,Zygophyllaceae
,Bulnesia,sarmientoi,,Zygophyllaceae
,Burkea,africana,,Leguminosae
,Bursera,simaruba,,Burseraceae
,Buxus,macowanii,,Buxaceae
,Buxus,sempervirens,,Buxaceae
,Byrsonima,crassifolia,,Malpighiaceae
,Byrsonima,spicata,,Malpighiaceae
,Cabralea,cangerana,,Meliaceae
,Cabralea,canjerana,,Meliaceae
,Caesalpinia,echinata,,Leguminosae
,Caesalpinia,ferrea,,Leguminosae
,Caesalpinia,granadillo,,Leguminosae
,Caesalpinia,paraguariensis,,Leguminosae
,Caesalpinia,platyloba,,Leguminosae
,Calophyllum,brasiliense,,Clusiaceae
,Calophyllum,ferrugineum,,Clusiaceae
,Calophyllum,inophyllum,,Clusiaceae
,Calophyllum,papuanum,,Clusiaceae
,Calophyllum,peekelii,,Clusiaceae
,Calophyllum,tetrapterum,,Clusiaceae
,Calophyllum,tomentosum,,Clusiaceae
,Calophyllum,vitiense,,Clusiaceae
,Calpocalyx,heitzii,,Leguminosae
,Calycophyllum,candidissimum,,Rubiaceae
,Calycophyllum,multiflorum,,Rubiaceae
,Calycophyllum,spruceanum,,Rubiaceae
,Campnosperma,auriculatum,,Anacardiaceae
,Campnosperma,brevipetiolatum,,Anacardiaceae
,Campnosperma,coriaceum,,Anacardiaceae
,Campnosperma,montanum,,Anacardiaceae
,Campnosperma,panamense,,Anacardiaceae
,Campnosperma,squamatum,,Anacardiaceae
,Cananga,odorata,,Annonaceae
,Canarium,euphyllum,,Burseraceae
,Canarium,hirsutum,,Burseraceae
,Canarium,indicum,,Burseraceae
,Canarium,littorale,,Burseraceae
,Canarium,luzonicum,,Burseraceae
,Canarium,schweinfurtii,,Burseraceae
,Cantleya,corniculata,,Stemonuraceae
,Carallia,brachiata,,Rhizophoraceae
,Carapa,grandiflora,,Meliaceae
,Carapa,guianensis,,Meliaceae
,Carapa,procera,,Meliaceae
,Cardwellia,sublimis,,Proteaceae
,Cariniana,domestica,,Lecythidaceae
,Cariniana,estrellensis,,Lecythidaceae
,Cariniana,legalis,,Lecythidaceae
,Cariniana,pyriformis,,Lecythidaceae
,Carpinus,betulus,,Betulaceae
,Carpinus,caroliniana,,Betulaceae
,Carya,alba,,Juglandaceae
,Carya,aquatica,,Juglandaceae
,Carya,cordiformis,,Juglandaceae
,Carya,glabra,,Juglandaceae
,Carya,illinoinensis,,Juglandaceae
,Carya,laciniosa,,Juglandaceae
,Carya,myristiciformis,,Juglandaceae
,Carya,ovata,,Juglandaceae
,Caryocar,costaricense,,Caryocaraceae
,Caryocar,glabrum,,Caryocaraceae
,Caryocar,nuciferum,,Caryocaraceae
,Caryocar,villosum,,Caryocaraceae
,Caryota,urens,,Arecaceae
,Casearia,battiscombei,,Salicaceae
,Casearia,dallachyi,,Salicaceae
,Casearia,gossypiosperma,,Salicaceae
,Casearia,praecox,,Salicaceae
,Cassia,javanica,,Leguminosae
,Cassipourea,gummiflua,,Rhizophoraceae
,Cassipourea,malosana,,Rhizophoraceae
,Castanea,crenata,,Fagaceae
,Castanea,dentata,,Fagaceae
,Castanea,sativa,,Fagaceae
,Castanopsis,acuminatissima,,Fagaceae
,Castanopsis,argentea,,Fagaceae
,Castanopsis,cuspidata,,Fagaceae
,Castanopsis,javanica,,Fagaceae
,Castanopsis,tungurrut,,Fagaceae
,Castanospermum,australe,,Leguminosae
,Casuarina,cunninghamiana,,Casuarinaceae
,Casuarina,equisetifolia,,Casuarinaceae
,Catalpa,bignonioides,,Bignoniaceae
,Catalpa,speciosa,,Bignoniaceae
,Catostemma,commune,,Malvaceae
,Catostemma,fragrans,,Malvaceae
,Cavanillesia,platanifolia,,Malvaceae
,Cecropia,peltata,,Urticaceae
,Cecropia,sciadophylla,,Urticaceae
,Cedrela,angustifolia,,Meliaceae
,Cedrela,fissilis,,Meliaceae
,Cedrela,odorata,,Meliaceae
,Cedrela,serrata,,Meliaceae
,Cedrelinga,cateniformis,,Leguminosae
,Ceiba,pentandra,,Malvaceae
,Ceiba,samauma,,Malvaceae
,Ceiba,speciosa,,Malvaceae
,Celtis,adolfi-friderici,,Cannabaceae
,Celtis,laevigata,,Cannabaceae
,Celtis,laevigata,,Cannabaceae
,Celtis,laevigata,,Cannabaceae
,Celtis,mildbraedii,,Cannabaceae
,Celtis,occidentalis,,Cannabaceae
,Celtis,philippensis,,Cannabaceae
,Celtis,rigescens,,Cannabaceae
,Celtis,zenkeri,,Cannabaceae
,Centrolobium,ochroxylon,,Leguminosae
,Centrolobium,paraense,,Leguminosae
,Centrolobium,paraense,,Leguminosae
,Centrolobium,paraense,,Leguminosae
,Cephalosphaera,usambarensis,,Myristicaceae
,Ceratopetalum,succirubrum,,Cunoniaceae
,Cerbera,odollam,,Apocynaceae
,Cercidiphyllum,japonicum,,Cercidiphyllaceae
,Ceriops,tagal,,Rhizophoraceae
,Chamaecrista,apoucouita,,Leguminosae
,Chisocheton,pentandrus,,Meliaceae
,Chlorocardium,rodiei,,Lauraceae
,Chloroxylon,swietenia,,Rutaceae
,Chrysolepis,chrysophylla,,Fagaceae
,Chrysophyllum,africanum,,Sapotaceae
,Chrysophyllum,albidum,,Sapotaceae
,Chrysophyllum,beguei,,Sapotaceae
,Chrysophyllum,boivinianum,,Sapotaceae
,Gambeya,madagascariensis,,Sapotaceae
,Chrysophyllum,giganteum,,Sapotaceae
,Chrysophyllum,gonocarpum,,Sapotaceae
,Chrysophyllum,lacourtianum,,Sapotaceae
,Chrysophyllum,perpulchrum,,Sapotaceae
,Chrysophyllum,pomiferum,,Sapotaceae
,Chrysophyllum,sanguinolentum,,Sapotaceae
,Chrysophyllum,subnudum,,Sapotaceae
,Chukrasia,tabularis,,Meliaceae
,Cinnamomum,camphora,,Lauraceae
,Cinnamomum,iners,,Lauraceae
,Cinnamomum,porrectum,,Lauraceae
,Clarisia,racemosa,,Moraceae
,Clathrotropis,brachypetala,,Leguminosae
,Clathrotropis,macrocarpa,,Leguminosae
,Cleistopholis,glauca,,Annonaceae
,Cleistopholis,patens,,Annonaceae
,Cocos,nucifera,,Arecaceae
,Coelocaryon,preussii,,Myristicaceae
,Coelostegia,griffithii,,Malvaceae
,Cojoba,arborea,,Leguminosae
,Colophospermum,mopane,,Leguminosae
,Combretocarpus,rotundatus,,Anisophylleaceae
,Combretum,imberbe,,Combretaceae
,Conocarpus,erectus,,Combretaceae
,Copaifera,langsdorffii,,Leguminosae
,Copaifera,mildbraedii,,Leguminosae
,Copaifera,multijuga,,Leguminosae
,Copaifera,officinalis,,Leguminosae
,Copaifera,religiosa,,Leguminosae
,Copaifera,salikounda,,Leguminosae
,Cordia,africana,,Boraginaceae
,Cordia,alliodora,,Boraginaceae
,Cordia,americana,,Boraginaceae
,Cordia,collococca,,Boraginaceae
,Cordia,dichotoma,,Boraginaceae
,Cordia,suaveolens,,Boraginaceae
,Cordia,dodecandra,,Boraginaceae
,Cordia,elaeagnoides,,Boraginaceae
,Cordia,fragrantissima,,Boraginaceae
,Cordia,gerascanthus,,Boraginaceae
,Cordia,glabrata,,Boraginaceae
,Cordia,goeldiana,,Boraginaceae
,Cordia,millenii,,Boraginaceae
,Cordia,platythyrsa,,Boraginaceae
,Cordia,sebestena,,Boraginaceae
,Cordia,subcordata,,Boraginaceae
,Cordia,trichotoma,,Boraginaceae
,Cordyla,africana,,Leguminosae
,Cornus,florida,,Cornaceae
,Corylus,avellana,,Betulaceae
,Corylus,colurna,,Betulaceae
,Corymbia,citriodora,,Myrtaceae
,Corymbia,maculata,,Myrtaceae
,Cotylelobium,burckii,,Dipterocarpaceae
,Cotylelobium,lanceolatum,,Dipterocarpaceae
,Cotylelobium,melanoxylon,,Dipterocarpaceae
,Coula,edulis,,Olacaceae
,Couma,macrocarpa,,Apocynaceae
,Couratari,guianensis,,Lecythidaceae
,Couratari,macrosperma,,Lecythidaceae
,Couratari,multiflora,,Lecythidaceae
,Couratari,oblongifolia,,Lecythidaceae
,Couratari,stellata,,Lecythidaceae
,Couroupita,guianensis,,Lecythidaceae
,Couroupita,nicaraguarensis,,Lecythidaceae
,Crataegus,azarolus,,Rosaceae
,Crataegus,coccinea,,Rosaceae
,Crataegus,laevigata,,Rosaceae
,Crataegus,monogyna,,Rosaceae
,Crataegus,pinnatifida,,Rosaceae
,Cratoxylum,arborescens,,Hypericaceae
,Cratoxylum,formosum,,Hypericaceae
,Cratoxylon,formosum,,Hypericaceae
,Croton,megalocarpus,,Euphorbiaceae
,Ctenolophon,englerianus,,Ctenolophonaceae
,Ctenolophon,parvifolius,,Ctenolophonaceae
,Cylicodiscus,gabunensis,,Leguminosae
,Cynometra,alexandri,,Leguminosae
,Cynometra,ananta,,Leguminosae
,Cynometra,elmeri,,Leguminosae
,Cynometra,inaequifolia,,Leguminosae
,Cynometra,malaccensis,,Leguminosae
,Cynometra,mirabilis,,Leguminosae
,Cynometra,ramiflora,,Leguminosae
,Dacryodes,buettneri,,Burseraceae
,Dacryodes,excelsa,,Burseraceae
,Dacryodes,igaganga,,Burseraceae
,Dactylocladus,stenostachys,,Penaeaceae
,Dalbergia,bariensis,,Leguminosae
,Dalbergia,baronii,,Leguminosae
,Dalbergia,brownei,,Leguminosae
,Dalbergia,cambodiana,,Leguminosae
,Dalbergia,cearensis,,Leguminosae
,Dalbergia,cochinchinensis,,Leguminosae
,Dalbergia,congestiflora,,Leguminosae
,Dalbergia,cubilquitzensis,,Leguminosae
,Dalbergia,cultrata,,Leguminosae
,Dalbergia,cuscatlanica,,Leguminosae
,Dalbergia,decipularis,,Leguminosae
,Dalbergia,ecastaphyllum,,Leguminosae
,Dalbergia,frutescens,,Leguminosae
,Dalbergia,glabra,,Leguminosae
,Dalbergia,granadillo,,Leguminosae
,Dalbergia,greveana,,Leguminosae
,Dalbergia,latifolia,,Leguminosae
,Dalbergia,louvelii,,Leguminosae
,Dalbergia,madagascariensis,,Leguminosae
,Dalbergia,maritima,,Leguminosae
,Dalbergia,melanoxylon,,Leguminosae
,Dalbergia,monticola,,Leguminosae
,Dalbergia,nigra,,Leguminosae
,Dalbergia,oliveri,,Leguminosae
,Dalbergia,pervillei,,Leguminosae
,Dalbergia,retusa,,Leguminosae
,Dalbergia,rimosa,,Leguminosae
,Dalbergia,sissoides,,Leguminosae
,Dalbergia,sissoo,,Leguminosae
,Dalbergia,spruceana,,Leguminosae
,Dalbergia,stevensonii,,Leguminosae
,Dalbergia,tucurensis,,Leguminosae
,Daniella,thurifera,,Bignoniaceae
,Daniellia,klainei,,Bignoniaceae
,Daniellia,ogea,,Leguminosae
,Daniellia,thurifera,,Leguminosae
,Dendropanax,arboreus,,Araliaceae
,Dendropanax,cuneatus,,Araliaceae
,Desmodium,oojeinense,,Leguminosae
,Detarium,macrocarpum,,Leguminosae
,Detarium,senegalense,,Leguminosae
,Dialium,cochinchinense,,Leguminosae
,Dialium,dinklagei,,Leguminosae
,Dialium,guianense,,Leguminosae
,Dialium,indum,,Leguminosae
,Dialium,kunstleri,,Leguminosae
,Dialium,patens,,Leguminosae
,Dialium,platysepalum,,Leguminosae
,Dialium,procerum,,Leguminosae
,Dicorynia,guianensis,,Leguminosae
,Dicorynia,paraensis,,Leguminosae
,Didelotia,africana,,Leguminosae
,Didelotia,brevipaniculata,,Leguminosae
,Didelotia,idae,,Leguminosae
,Didelotia,letouzeyi,,Leguminosae
,Dillenia,excelsa,,Dilleniaceae
,Dillenia,indica,,Dilleniaceae
,Dillenia,luzoniensis,,Dilleniaceae
,Dillenia,ovata,,Dilleniaceae
,Dillenia,papuana,,Dilleniaceae
,Dillenia,pentagyna,,Dilleniaceae
,Dillenia,philippinensis,,Dilleniaceae
,Dillenia,pulchella,,Dilleniaceae
,Dillenia,reticulata,,Dilleniaceae
,Dillenia,salomonensis,,Dilleniaceae
,Dillenia,schlechteri,,Dilleniaceae
,Dimocarpus,longan,,Sapindaceae
,Dimorphandra,polyandra,,Leguminosae
,Dinizia,excelsa,,Leguminosae
,Diospyros,celebica,,Ebenaceae
,Diospyros,crassiflora,,Ebenaceae
,Diospyros,discolor,,Ebenaceae
,Diospyros,ebenum,,Ebenaceae
,Diospyros,gracilipes,,Ebenaceae
,Diospyros,insularis,,Ebenaceae
,Diospyros,korthalsiana,,Ebenaceae
,Diospyros,kurzii,,Ebenaceae
,Diospyros,lotus,,Ebenaceae
,Diospyros,marmorata,,Ebenaceae
,Diospyros,melanoxylon,,Ebenaceae
,Diospyros,mespiliformis,,Ebenaceae
,Diospyros,mindanaensis,,Ebenaceae
,Diospyros,mollis,,Ebenaceae
,Diospyros,perrieri,,Ebenaceae
,Diospyros,pyrrhocarpa,,Ebenaceae
,Diospyros,toxicaria,,Ebenaceae
,Diospyros,vera,,Ebenaceae
,Diospyros,virginiana,,Ebenaceae
,Diplodiscus,paniculatus,,Malvaceae
,Diplotropis,martiusii,,Leguminosae
,Diplotropis,purpurea,,Leguminosae
,Dipterocarpus,acutangulus,,Dipterocarpaceae
,Dipterocarpus,alatus,,Dipterocarpaceae
,Dipterocarpus,basilanicus,,Dipterocarpaceae
,Dipterocarpus,baudii,,Dipterocarpaceae
,Dipterocarpus,borneensis,,Dipterocarpaceae
,Dipterocarpus,caudiferus,,Dipterocarpaceae
,Dipterocarpus,costulatus,,Dipterocarpaceae
,Dipterocarpus,grandiflorus,,Dipterocarpaceae
,Dipterocarpus,kerrii,,Dipterocarpaceae
,Dipterocarpus,lowii,,Dipterocarpaceae
,Dipterocarpus,retusus,,Dipterocarpaceae
,Dipterocarpus,tonkinensis,,Dipterocarpaceae
,Dipterocarpus,validus,,Dipterocarpaceae
,Dipterocarpus,verrucosus,,Dipterocarpaceae
,Dipteryx,odorata,,Leguminosae
,Dipteryx,oleifera,,Leguminosae
,Dipteryx,panamensis,,Leguminosae
,Distemonanthus,benthamianus,,Leguminosae
,Doryphora,sassafras,,Atherospermataceae
,Dracontomelon,costatum,,Anacardiaceae
,Dracontomelon,dao,,Anacardiaceae
,Dracontomelon,lenticulatum,,Anacardiaceae
,Drimys,winteri,,Winteraceae
,Dryobalanops,beccarii,,Dipterocarpaceae
,Dryobalanops,lanceolata,,Dipterocarpaceae
,Dryobalanops,oblongifolia,,Dipterocarpaceae
,Dryobalanops,sumatrensis,,Dipterocarpaceae
,Drypetes,gossweileri,,Putranjivaceae
,Duabanga,grandiflora,,Lythraceae
,Duabanga,moluccana,,Lythraceae
,Duguetia,confinis,,Annonaceae
,Duguetia,staudtii,,Annonaceae
,Durio,griffithii,,Malvaceae
,Durio,lowianus,,Malvaceae
,Durio,oxleyanus,,Malvaceae
,Durio,wyatt-smithii,,Malvaceae
,Durio,zibethinus,,Malvaceae
,Dyera,costulata,,Apocynaceae
,Dyera,polyphylla,,Apocynaceae
,Dypsis,decaryi,,Arecaceae
,Neodypsis,decaryi,,Arecaceae
,Dypsis,decipiens,,Arecaceae
,Chrysalidocarpus,decipiens,,Arecaceae
,Dysoxylum,alliaceum,,Meliaceae
,Dysoxylum,euphlebium,,Meliaceae
,Dysoxylum,fraserianum,,Meliaceae
,Dysoxylum,malabaricum,,Meliaceae
,Ecclinusa,guianensis,,Sapotaceae
,Ecclinusa,lanceolata,,Sapotaceae
,Ekebergia,capensis,,Meliaceae
,Elaeagnus,angustifolia,,Elaeagnaceae
,Elateriospermum,tapos,,Euphorbiaceae
,Endiandra,laxiflora,,Lauraceae
,Endiandra,palmerstonii,,Lauraceae
,Endocomia,macrocoma,,Myristicaceae
,Endopleura,uchi,,Humiriaceae
,Endospermum,diadenum,,Euphorbiaceae
,Endospermum,macrophyllum,,Euphorbiaceae
,Endospermum,medullosum,,Euphorbiaceae
,Endospermum,moluccanum,,Euphorbiaceae
,Endospermum,peltatum,,Euphorbiaceae
,Engelhardtia,roxburghiana,,Juglandaceae
,Entandrophragma,angolense,,Meliaceae
,Entandrophragma,candollei,,Meliaceae
,Entandrophragma,congoense,,Meliaceae
,Entandrophragma,cylindricum,,Meliaceae
,Entandrophragma,utile,,Meliaceae
,Enterolobium,contortisiliquum,,Leguminosae
,Enterolobium,cyclocarpum,,Leguminosae
,Enterolobium,schomburgkii,,Leguminosae
,Enterolobium,timbouva,,Leguminosae
,Eperua,falcata,,Leguminosae
,Eperua,grandiflora,,Leguminosae
,Eperua,jenmanii,,Leguminosae
,Eperua,rubiginosa,,Leguminosae
,Eriotheca,globosa,,Malvaceae
,Erisma,calcaratum,,Vochysiaceae
,Erisma,lanceolatum,,Vochysiaceae
,Erisma,nitidum,,Vochysiaceae
,Erisma,uncinatum,,Vochysiaceae
,Erythrophleum,ivorense,,Leguminosae
,Erythrophleum,suaveolens,,Leguminosae
,Erythroxylum,mannii,,Erythroxylaceae
,Eschweilera,sagotiana,,Lecythidaceae
,Eucalyptus,alba,,Myrtaceae
,Eucalyptus,astringens,,Myrtaceae
,Eucalyptus,bridgesiana,,Myrtaceae
,Eucalyptus,camaldulensis,,Myrtaceae
,Eucalyptus,cloeziana,,Myrtaceae
,Eucalyptus,coolabah,,Myrtaceae
,Eucalyptus,deglupta,,Myrtaceae
,Eucalyptus,delegatensis,,Myrtaceae
,Eucalyptus,diversicolor,,Myrtaceae
,Eucalyptus,dives,,Myrtaceae
,Eucalyptus,eugenioides,,Myrtaceae
,Eucalyptus,globoidea,,Myrtaceae
,Eucalyptus,globulus,,Myrtaceae
,Eucalyptus,globulus,,Myrtaceae
,Eucalyptus,maidenii,,Myrtaceae
,Eucalyptus,grandis,,Myrtaceae
,Eucalyptus,longifolia,,Myrtaceae
,Eucalyptus,marginata,,Myrtaceae
,Eucalyptus,melliodora,,Myrtaceae
,Eucalyptus,moluccana,,Myrtaceae
,Eucalyptus,nitens,,Myrtaceae
,Eucalyptus,obliqua,,Myrtaceae
,Eucalyptus,paniculata,,Myrtaceae
,Eucalyptus,papuana,,Myrtaceae
,Eucalyptus,pilularis,,Myrtaceae
,Eucalyptus,regnans,,Myrtaceae
,Eucalyptus,resinifera,,Myrtaceae
,Eucalyptus,robusta,,Myrtaceae
,Eucalyptus,socialis,,Myrtaceae
,Eucalyptus,tereticornis,,Myrtaceae
,Eucryphia,cordifolia,,Cunoniaceae
,Eucryphia,lucida,,Cunoniaceae
,Euroschinus,vieillardii,,Anacardiaceae
,Eusideroxylon,melagangai,,Lauraceae
,Eusideroxylon,zwageri,,Lauraceae
,Euxylophora,paraensis,,Rutaceae
,Exbucklandia,populnea,,Hamamelidaceae
,Excoecaria,agallocha,,Euphorbiaceae
,Exostema,caribaeum,,Rubiaceae
,Fagaropsis,angolensis,,Rutaceae
,Fagraea,crenulata,,Gentianaceae
,Fagraea,elliptica,,Gentianaceae
,Fagraea,fragrans,,Gentianaceae
,Fagraea,gracilipes,,Gentianaceae
,Fagus,grandifolia,,Fagaceae
,Fagus,sylvatica,,Fagaceae
,Falcataria,moluccana,,Leguminosae
,Falconeria,insignis,,Euphorbiaceae
,Sapium,insigne,,Euphorbiaceae
,Ficus,coerulescens,,Moraceae
,Ficus,killipii,,Moraceae
,Ficus,crassiuscula,,Moraceae
,Ficus,hartwegii,,Moraceae
,Ficus,insipida,,Moraceae
,Ficus,mathewsii,,Moraceae
,Ficus,nymphaeifolia,,Moraceae
,Ficus,anguina,,Moraceae
,Ficus,obliqua,,Moraceae
,Ficus,eugenioides,,Moraceae
,Ficus,pertusa,,Moraceae
,Ficus,subandina,,Moraceae
,Ficus,trigona,,Moraceae
,Ficus,watkinsiana,,Moraceae
,Fillaeopsis,discophora,,Leguminosae
,Fleroya,ledermannii,,Rubiaceae
,Fleroya,stipulosa,,Rubiaceae
,Flindersia,australis,,Rutaceae
,Flindersia,brayleyana,,Rutaceae
,Flindersia,ifflaiana,,Rutaceae
,Flindersia,pimenteliana,,Rutaceae
,Flindersia,schottiana,,Rutaceae
,Frangula,alnus,,Rhamnaceae
,Rhamnus,frangula,,Rhamnaceae
,Frangula,purshiana,,Rhamnaceae
,Fraxinus,americana,,Oleaceae
,Fraxinus,excelsior,,Oleaceae
,Fraxinus,latifolia,,Oleaceae
,Fraxinus,mandshurica,,Oleaceae
,Fraxinus,nigra,,Oleaceae
,Fraxinus,ornus,,Oleaceae
,Fraxinus,pennsylvanica,,Oleaceae
,Fraxinus,profunda,,Oleaceae
,Fraxinus,quadrangulata,,Oleaceae
,Funtumia,africana,,Apocynaceae
,Garcinia,cowa,,Clusiaceae
,Garuga,pinnata,,Burseraceae
,Geissois,benthamiana,,Cunoniaceae
,Geissois,biagiana,,Cunoniaceae
,Genipa,americana,,Rubiaceae
,Gilbertiodendron,brachystegioides,,Leguminosae
,Gilbertiodendron,dewevrei,,Leguminosae
,Gilbertiodendron,mayombense,,Leguminosae
,Gilbertiodendron,preussii,,Leguminosae
,Gleditsia,triacanthos,,Leguminosae
,Gluta,curtisii,,Anacardiaceae
,Gluta,papuana,,Anacardiaceae
,Gluta,renghas,,Anacardiaceae
,Gluta,tourtour,,Anacardiaceae
,Gluta,wallichii,,Anacardiaceae
,Glycydendron,amazonicum,,Euphorbiaceae
,Gmelina,arborea,,Lamiaceae
,Gmelina,fasciculiflora,,Lamiaceae
,Gmelina,leichardtii,,Lamiaceae
,Gmelina,moluccana,,Lamiaceae
,Gonioma,kamassi,,Apocynaceae
,Gonystylus,bancanus,,Thymelaeaceae
,Gonystylus,forbesii,,Thymelaeaceae
,Gonystylus,macrophyllus,,Thymelaeaceae
,Gossweilerodendron,balsamiferum,,Leguminosae
,Gossweilerodendron,joveri,,Leguminosae
,Goupia,glabra,,Goupiaceae
,Grevillea,robusta,,Proteaceae
,Grevillea,striata,,Proteaceae
,Grewia,eriocarpa,,Malvaceae
,Grewia,elastica,,Malvaceae
,Guaiacum,coulteri,,Zygophyllaceae
,Guaiacum,officinale,,Zygophyllaceae
,Guaiacum,sanctum,,Zygophyllaceae
,Guarea,cedrata,,Meliaceae
,Guarea,glabra,,Meliaceae
,Guarea,excelsa,,Meliaceae
,Guarea,guidonia,,Meliaceae
,Guarea,laurentii,,Meliaceae
,Guarea,thompsonii,,Meliaceae
,Guazuma,ulmifolia,,Malvaceae
,Guibourtia,arnoldiana,,Leguminosae
,Guibourtia,coleosperma,,Leguminosae
,Guibourtia,conjugata,,Leguminosae
,Guibourtia,demeusei,,Leguminosae
,Guibourtia,ehie,,Leguminosae
,Guibourtia,pellegriniana,,Leguminosae
,Guibourtia,schliebenii,,Leguminosae
,Guibourtia,tessmannii,,Leguminosae
,Gymnanthes,lucida,,Euphorbiaceae
,Gymnocladus,dioica,,Leguminosae
,Haematoxylum,campechianum,,Leguminosae
,Haldina,cordifolia,,Rubiaceae
,Hamamelis,virginiana,,Hamamelidaceae
,Handroanthus,capitatus,,Bignoniaceae
,Tabebuia,capitata,,Bignoniaceae
,Handroanthus,guayacan,,Bignoniaceae
,Handroanthus,heptaphyllus,,Bignoniaceae
,Handroanthus,serratifolius,,Bignoniaceae
,Haplormosia,monophylla,,Leguminosae
,Hardwickia,binata,,Leguminosae
,Harpullia,arborea,,Sapindaceae
,Harungana,madagascariensis,,Hypericaceae
,Hazomalania,voyronii,,Hernandiaceae
,Hernandia,voyronii,,Hernandiaceae
,Helicostylis,tomentosa,,Moraceae
,Heliocarpus,americanus,,Malvaceae
,Heliocarpus,popayanensis,,Malvaceae
,Heritiera,borneensis,,Malvaceae
,Heritiera,densiflora,,Malvaceae
,Heritiera,elata,,Malvaceae
,Heritiera,javanica,,Malvaceae
,Heritiera,littoralis,,Malvaceae
,Heritiera,ornithocephala,,Malvaceae
,Heritiera,simplicifolia,,Malvaceae
,Hevea,brasiliensis,,Euphorbiaceae
,Hibiscus,elatus,,Malvaceae
,Hibiscus,lasiococcus,,Malvaceae
,Hibiscus,tilliaceus,,Malvaceae
,Hieronyma,alchorneoides,,Phyllanthaceae
,Hieronyma,oblonga,,Phyllanthaceae
,Holoptelea,grandis,,Ulmaceae
,Homalium,bhamoense,,Salicaceae
,Homalium,foetidum,,Salicaceae
,Homalium,le-testui,,Salicaceae
,Homalium,longifolium,,Salicaceae
,Hopea,acuminata,,Dipterocarpaceae
,Hopea,beccariana,,Dipterocarpaceae
,Hopea,dryobalanoides,,Dipterocarpaceae
,Hopea,ferrea,,Dipterocarpaceae
,Hopea,forbesii,,Dipterocarpaceae
,Hopea,foxworthyi,,Dipterocarpaceae
,Hopea,helferi,,Dipterocarpaceae
,Hopea,iriana,,Dipterocarpaceae
,Hopea,mengarawan,,Dipterocarpaceae
,Hopea,nervosa,,Dipterocarpaceae
,Hopea,nutans,,Dipterocarpaceae
,Hopea,odorata,,Dipterocarpaceae
,Hopea,sangal,,Dipterocarpaceae
,Hopea,scaphula,,Dipterocarpaceae
,Hopea,semicuneata,,Dipterocarpaceae
,Horsfieldia,amygdalina,,Myristicaceae
,Horsfieldia,brachiata,,Myristicaceae
,Horsfieldia,bracteosa,,Myristicaceae
,Horsfieldia,flocculosa,,Myristicaceae
,Horsfieldia,glabra,,Myristicaceae
,Horsfieldia,irya,,Myristicaceae
,Horsfieldia,lauterbachii,,Myristicaceae
,Horsfieldia,pilifera,,Myristicaceae
,Horsfieldia,punctatifolia,,Myristicaceae
,Horsfieldia,ralunensis,,Myristicaceae
,Horsfieldia,spicata,,Myristicaceae
,Horsfieldia,sucosa,,Myristicaceae
,Horsfieldia,superba,,Myristicaceae
,Horsfieldia,trifida,,Myristicaceae
,Horsfieldia,wallichii,,Myristicaceae
,Huertea,cubensis,,Tapisciaceae
,Humbertia,madagascariensis,,Convolvulaceae
,Humiria,balsamifera,,Humiriaceae
,Hura,crepitans,,Euphorbiaceae
,Hura,polyandra,,Euphorbiaceae
,Hymenaea,courbaril,,Leguminosae
,Hymenaea,intermedia,,Leguminosae
,Hymenolobium,elatum,,Leguminosae
,Hymenolobium,excelsum,,Leguminosae
,Hymenolobium,flavum,,Leguminosae
,Hymenolobium,petraeum,,Leguminosae
,Hypelate,trifoliata,,Sapindaceae
,Ilex,aggregata,,Aquifoliaceae
,Ilex,amplifolia,,Aquifoliaceae
,Ilex,anomala,,Aquifoliaceae
,Ilex,aquifolium,,Aquifoliaceae
,Ilex,boliviana,,Aquifoliaceae
,Ilex,laurina,,Aquifoliaceae
,Ilex,mitis,,Aquifoliaceae
,Ilex,opaca,,Aquifoliaceae
,Ilex,petiolaris,,Aquifoliaceae
,Ilex,parviflora,,Aquifoliaceae
,Inga,alba,,Leguminosae
,Inga,pezizifera,,Leguminosae
,Intsia,bijuga,,Leguminosae
,Intsia,palembanica,,Leguminosae
,Irvingia,gabonensis,,Irvingiaceae
,Irvingia,grandifolia,,Irvingiaceae
,Irvingia,malayana,,Irvingiaceae
,Isoberlinia,doka,,Leguminosae
,Isoberlinia,scheffleri,,Leguminosae
,Jacaranda,acutifolia,,Bignoniaceae
,Jacaranda,caroba,,Bignoniaceae
,Jacaranda,copaia,,Bignoniaceae
,Jacaranda,cuspidifolia,,Bignoniaceae
,Jacaranda,micrantha,,Bignoniaceae
,Jacaranda,mimosifolia,,Bignoniaceae
,Jacaranda,obtusifolia,,Bignoniaceae
,Jacaranda,rhombifolia,,Bignoniaceae
,Jacaranda,obtusifolia,,Bignoniaceae
,Jacaranda,puberula,,Bignoniaceae
,Jacaranda,semiserrata,,Bignoniaceae
,Juglans,australis,,Juglandaceae
,Juglans,boliviana,,Juglandaceae
,Juglans,cinerea,,Juglandaceae
,Juglans,hindsii,,Juglandaceae
,Juglans,jamaicensis,,Juglandaceae
,Juglans,neotropica,,Juglandaceae
,Juglans,nigra,,Juglandaceae
,Juglans,olanchana,,Juglandaceae
,Juglans,regia,,Juglandaceae
,Julbernardia,globiflora,,Leguminosae
,Julbernardia,pellegriniana,,Leguminosae
,Kalmia,latifolia,,Ericaceae
,Kalopanax,septemlobus,,Araliaceae
,Khaya,anthotheca,,Meliaceae
,Khaya,grandifoliola,,Meliaceae
,Khaya,ivorensis,,Meliaceae
,Khaya,nyasica,,Meliaceae
,Khaya,senegalensis,,Meliaceae
,Kigelia,africana,,Bignoniaceae
,Klainedoxa,gabonensis,,Irvingiaceae
,Knema,conferta,,Myristicaceae
,Kokoona,littoralis,,Celastraceae
,Kokoona,reflexa,,Celastraceae
,Koompassia,excelsa,,Leguminosae
,Koompassia,malaccensis,,Leguminosae
,Koordersiodendron,pinnatum,,Anacardiaceae
,Krugiodendron,ferreum,,Rhamnaceae
,Lagerstroemia,angustifolia,,Lythraceae
,Lagerstroemia,balansae,,Lythraceae
,Lagerstroemia,calyculata,,Lythraceae
,Lagerstroemia,cochinchinensis,,Lythraceae
,Lagerstroemia,duppereana,,Lythraceae
,Lagerstroemia,floribunda,,Lythraceae
,Lagerstroemia,hypoleuca,,Lythraceae
,Lagerstroemia,ovalifolia,,Lythraceae
,Lagerstroemia,piriformis,,Lythraceae
,Lagerstroemia,speciosa,,Lythraceae
,Lagerstroemia,tomentosa,,Lythraceae
,Lannea,coromandelica,,Anacardiaceae
,Lannea,grandis,,Anacardiaceae
,Lannea,welwitschii,,Anacardiaceae
,Laurelia,novae-zelandiae,,Atherospermataceae
,Laurelia,sempervirens,,Atherospermataceae
,Laureliopsis,philippiana,,Atherospermataceae
,Lecythis,lurida,,Lecythidaceae
,Lemurophoenix,halleuxii,,Arecaceae
,Letestua,durissima,,Sapotaceae
,Leucaena,pulverulenta,,Leguminosae
,Leucaena,trichodes,,Leguminosae
,Licania,divaricata,,Chrysobalanaceae
,Licania,heteromorpha,,Chrysobalanaceae
,Licania,hypoleuca,,Chrysobalanaceae
,Licania,macrophylla,,Chrysobalanaceae
,Licania,platypus,,Chrysobalanaceae
,Licania,sparsipilis,,Chrysobalanaceae
,Licaria,canella,,Lauraceae
,Licaria,capitata,,Chrysobalanaceae
,Licaria,subbullata,,Lauraceae
,Liquidambar,formosana,,Altingiaceae
,Liquidambar,styraciflua,,Altingiaceae
,Liriodendron,tulipifera,,Magnoliaceae
,Lithocarpus,amygdalifolius,,Fagaceae
,Lithocarpus,cyrtorhyncha,,Fagaceae
,Lithocarpus,daphnoideus,,Fagaceae
,Lithocarpus,henryi,,Fagaceae
,Lithocarpus,solerianus,,Fagaceae
,Lithocarpus,vinkii,,Fagaceae
,Litsea,ferruginea,,Lauraceae
,Litsea,reticulata,,Lauraceae
,Lonchocarpus,castilloi,,Leguminosae
,Lonchocarpus,leucanthus,,Leguminosae
,Lophira,alata,,Ochnaceae
,Lophopetalum,beccarianum,,Celastraceae
,Lophopetalum,duperreanum,,Celastraceae
,Lophopetalum,floribundum,,Celastraceae
,Lophopetalum,javanum,,Celastraceae
,Lophopetalum,multinervium,,Celastraceae
,Lophopetalum,pachyphyllum,,Celastraceae
,Lophopetalum,pallidum,,Celastraceae
,Lophopetalum,rigidum,,Celastraceae
,Lophopetalum,subobovatum,,Celastraceae
,Lophopetalum,wightianum,,Celastraceae
,Lovoa,brownii,,Meliaceae
,Lovoa,swynnertonii,,Meliaceae
,Lovoa,trichilioides,,Meliaceae
,Loxopterygium,sagotii,,Anacardiaceae
,Luehea,divaricata,,Malvaceae
,Lysiloma,latisiliquum,,Leguminosae
,Machaerium,scleroxylon,,Leguminosae
,Machaerium,villosum,,Leguminosae
,Maclura,pomifera,,Moraceae
,Maclura,tinctoria,,Moraceae
,Macrolobium,acaciifolium,,Leguminosae
,Macrolobium,bifolium,,Leguminosae
,Madhuca,aspera,,Sapotaceae
,Madhuca,bejaudii,,Sapotaceae
,Madhuca,betis,,Sapotaceae
,Madhuca,lanceolata,,Sapotaceae
,Madhuca,longifolia,,Sapotaceae
,Madhuca,longifolia,,Sapotaceae
,Madhuca,longifolia,,Sapotaceae
,Madhuca,malaccensis,,Sapotaceae
,Madhuca,motleyana,,Sapotaceae
,Madhuca,neriifolia,,Sapotaceae
,Madhuca,pasquieri,,Sapotaceae
,Madhuca,philippinensis,,Sapotaceae
,Madhuca,pierrei,,Sapotaceae
,Madhuca,sericera,,Sapotaceae
,Madhuca,utilis,,Sapotaceae
,Maesopsis,eminii,,Rhamnaceae
,Magnolia,acuminata,,Magnoliaceae
,Magnolia,grandiflora,,Magnoliaceae
,Magnolia,pubescens,,Magnoliaceae
,Magnolia,sororum,,Magnoliaceae
,Magnolia,tsiampacca,,Magnoliaceae
,Elmerrillia,mollis,,Magnoliaceae
,Magnolia,tsiampacca,,Magnoliaceae
,Magnolia,virginiana,,Magnoliaceae
,Magnolia,vrieseana,,Magnoliaceae
,Elmerrillia,ovalis,,Magnoliaceae
,Magnolia,yoroconte,,Magnoliaceae
,Malus,domestica,,Rosaceae
,Malus,pumila,,Rosaceae
,Malus,sylvestris,,Rosaceae
,Mammea,africana,,Calophyllaceae
,Mammea,americana,,Calophyllaceae
,Mangifera,altissima,,Anacardiaceae
,Mangifera,caloneura,,Anacardiaceae
,Mangifera,foetida,,Anacardiaceae
,Mangifera,indica,,Anacardiaceae
,Mangifera,mucronulata,,Anacardiaceae
,Mangifera,salomonensis,,Anacardiaceae
,Manilkara,bidentata,,Sapotaceae
,Manilkara,celebica,,Sapotaceae
,Manilkara,fasciculata,,Sapotaceae
,Manilkara,hexandra,,Sapotaceae
,Manilkara,huberi,,Sapotaceae
,Manilkara,kanosiensis,,Sapotaceae
,Manilkara,kauki,,Sapotaceae
,Manilkara,zapota,,Sapotaceae
,Mansonia,altissima,,Malvaceae
,Maquira,sclerophylla,,Moraceae
,Marmaroxylon,racemosum,,Leguminosae
,Marojejya,darianii,,Arecaceae
,Martiodendron,excelsum,,Leguminosae
,Martiodendron,parviflorum,,Leguminosae
,Melaleuca,leucadendra,,Myrtaceae
,Melaleuca,quinquenervia,,Myrtaceae
,Melanoxylon,brauna,,Leguminosae
,Melia,azedarach,,Meliaceae
,Mesua,ferrea,,Calophyllaceae
,Metopium,brownei,,Anacardiaceae
,Mezilaurus,ita-uba,,Lauraceae
,Mezilaurus,lindaviana,,Lauraceae
,Mezilaurus,navalium,,Lauraceae
,Mezzettia,parviflora,,Annonaceae
,Microberlinia,bisulcata,,Leguminosae
,Microberlinia,brazzavillensis,,Leguminosae
,Micropholis,gardneriana,,Sapotaceae
,Micropholis,guyanensis,,Sapotaceae
,Micropholis,melinoniana,,Sapotaceae
,Micropholis,venulosa,,Sapotaceae
,Mildbraediodendron,excelsum,,Leguminosae
,Milicia,excelsa,,Moraceae
,Milicia,regia,,Moraceae
,Millettia,laurentii,,Leguminosae
,Millettia,leucantha,,Leguminosae
,Millettia,stuhlmannii,,Leguminosae
,Mimusops,elengi,,Sapotaceae
,Minquartia,guianensis,,Olacaceae
,Mitragyna,parvifolia,,Rubiaceae
,Mora,excelsa,,Leguminosae
,Mora,gonggrijpii,,Leguminosae
,Moringa,oleifera,,Moringaceae
,Morus,alba,,Moraceae
,Morus,mesozygia,,Moraceae
,Morus,nigra,,Moraceae
,Morus,rubra,,Moraceae
,Mouriri,huberi,,Melastomataceae
,Musanga,cecropioides,,Urticaceae
,Myrcianthes,pungens,,Myrtaceae
,Myristica,buchneriana,,Myristicaceae
,Myristica,chartacea,,Myristicaceae
,Myristica,elliptica,,Myristicaceae
,Myristica,gigantea,,Myristicaceae
,Myristica,hypargyraea,,Myristicaceae
,Myristica,iners,,Myristicaceae
,Myristica,lowiana,,Myristicaceae
,Myristica,maingayi,,Myristicaceae
,Myristica,maxima,,Myristicaceae
,Myristica,simiarum,,Myristicaceae
,Myrocarpus,fastigiatus,,Leguminosae
,Myrocarpus,frondosus,,Leguminosae
,Myroxylon,balsamum,,Leguminosae
,Myroxylon,peruiferum,,Leguminosae
,Nauclea,diderrichii,,Rubiaceae
,Nauclea,orientalis,,Rubiaceae
,Nectandra,lanceolata,,Lauraceae
,Nectandra,megapotamica,,Lauraceae
,Neobalanocarpus,heimii,,Dipterocarpaceae
,Neolamarckia,cadamba,,Rubiaceae
,Neonauclea,calycina,,Rubiaceae
,Nephelium,lappaceum,,Sapindaceae
,Nesogordonia,papaverifera,,Malvaceae
,Newtonia,buchananii,,Leguminosae
,Nothaphoebe,elata,,Lauraceae
,Nothaphoebe,kingiana,,Lauraceae
,Nothaphoebe,panduriformis,,Lauraceae
,Nothaphoebe,spathulata,,Lauraceae
,Nothaphoebe,umbelliflora,,Lauraceae
,Nothofagus,alpina,,Nothofagaceae
,Nothofagus,cunninghamii,,Nothofagaceae
,Nothofagus,dombeyi,,Nothofagaceae
,Nothofagus,menziesii,,Nothofagaceae
,Nothofagus,obliqua,,Nothofagaceae
,Nothofagus,pumilio,,Nothofagaceae
,Notholithocarpus,densiflorus,,Fagaceae
,Nyssa,aquatica,,Cornaceae
,Nyssa,ogeche,,Cornaceae
,Nyssa,sylvatica,,Cornaceae
,Ochanostachys,amentacea,,Olacaceae
,Ochroma,pyramidale,,Malvaceae
,Ocotea,comoriensis,,Lauraceae
,Ocotea,porosa,,Lauraceae
,Ocotea,puberula,,Lauraceae
,Ocotea,thouvenotii,,Lauraceae
,Ocotea,usambarensis,,Lauraceae
,Octomeles,sumatrana,,Tetramelaceae 
,Oenocarpus,bataua,,Arecaceae
,Oldfieldia,africana,,Picrodendraceae
,Olea,capensis,,Oleaceae
,Olea,europaea,,Oleaceae
,Olea,welwitschii,,Oleaceae
,Olneya,tesota,,Leguminosae
,Ongokea,gore,,Olacaceae
,Ormosia,coccinea,,Leguminosae
,Ormosia,coutinhoi,,Leguminosae
,Ormosia,monosperma,,Leguminosae
,Ormosia,nobilis,,Leguminosae
,Ormosia,paraensis,,Leguminosae
,Ostrya,virginiana,,Betulaceae
,Oxandra,lanceolata,,Annonaceae
,Oxydendrum,arboreum,,Ericaceae
,Oxystigma,buchholzii,,Leguminosae
,Oxystigma,gilbertii,,Leguminosae
,Oxystigma,mannii,,Leguminosae
,Oxystigma,oxyphyllum,,Leguminosae
,Pachira,quinata,,Malvaceae
,Palaquium,ellipticum,,Sapotaceae
,Palaquium,fidjiense,,Sapotaceae
,Palaquium,gutta,,Sapotaceae
,Palaquium,hexandrum,,Sapotaceae
,Palaquium,hispidum,,Sapotaceae
,Palaquium,hornei,,Sapotaceae
,Palaquium,impressionervium,,Sapotaceae
,Palaquium,maingayi,,Sapotaceae
,Palaquium,obovatum,,Sapotaceae
,Palaquium,philippense,,Sapotaceae
,Palaquium,regina-montium,,Sapotaceae
,Palaquium,rostratum,,Sapotaceae
,Palaquium,semaram,,Sapotaceae
,Palaquium,sumatranum,,Sapotaceae
,Palaquium,walsurifolium,,Sapotaceae
,Parapiptadenia,rigida,,Leguminosae
,Parashorea,aptera,,Dipterocarpaceae
,Parashorea,densiflora,,Dipterocarpaceae
,Parashorea,lucida,,Dipterocarpaceae
,Parashorea,macrophylla,,Dipterocarpaceae
,Parashorea,malaanonan,,Dipterocarpaceae
,Parashorea,parvifolia,,Dipterocarpaceae
,Parashorea,plicata,,Dipterocarpaceae
,Parashorea,smythiesii,,Dipterocarpaceae
,Parashorea,tomentella,,Dipterocarpaceae
,Paratecoma,peroba,,Bignoniaceae
,Parinari,campestris,,Chrysobalanaceae
,Parinari,curatellifolia,,Chrysobalanaceae
,Parinari,excelsa,,Chrysobalanaceae
,Parishia,insignis,,Anacardiaceae
,Parkia,bicolor,,Leguminosae
,Parkia,pendula,,Leguminosae
,Paulownia,tomentosa,,Paulowniaceae
,Payena,acuminata,,Sapotaceae
,Payena,leerii,,Sapotaceae
,Payena,lucida,,Sapotaceae
,Payena,maingayi,,Sapotaceae
,Payena,obscura,,Sapotaceae
,Peltogyne,maranhensis,,Leguminosae
,Peltogyne,paniculata,,Leguminosae
,Peltogyne,paniculata,,Leguminosae
,Peltogyne,pubescens,,Leguminosae
,Peltogyne,porphyrocardia,,Leguminosae
,Peltogyne,venosa,,Leguminosae
,Peltophorum,dasyrhachis,,Leguminosae
,Peltophorum,dubium,,Leguminosae
,Pentace,adenophora,,Malvaceae
,Pentace,burmanica,,Malvaceae
,Pentace,curtisii,,Malvaceae
,Pentace,laxiflora,,Malvaceae
,Pentace,triptera,,Malvaceae
,Pentaclethra,macroloba,,Leguminosae
,Pentaclethra,macrophylla,,Leguminosae
,Pentacme,contorta,,Dipterocarpaceae
,Pentadesma,butyracea,,Clusiaceae
,Pera,glabrata,,Peraceae
,Pericopsis,elata,,Leguminosae
,Pericopsis,mooniana,,Leguminosae
,Peronema,canescens,,Lamiaceae
,Persea,lingue,,Lauraceae
,Persea,odoratissima,,Lauraceae
,Pertusadina,eurhyncha,,Rubiaceae
,Petersianthus,macrocarpus,,Lecythidaceae
,Phellodendron,amurense,,Rutaceae
,Phoebe,elongata,,Lauraceae
,Phoebe,hainesiana,,Lauraceae
,Phyllarthron,madagascariense,,Bignoniaceae
,Phyllostylon,rhamnoides,,Ulmaceae
,Piptadeniastrum,africanum,,Leguminosae
,Planchonella,euphlebia,,Sapotaceae
,Planchonia,papuana,,Lecythidaceae
,Planchonia,valida,,Lecythidaceae
,Platanus,acerifolia,,Platanaceae
,Platanus,occidentalis,,Platanaceae
,Platanus,orientalis,,Platanaceae
,Platanus,hispanica,,Platanaceae
,Plathymenia,reticulata,,Leguminosae
,Platonia,insignis,,Clusiaceae
,Platymiscium,pinnatum,,Leguminosae
,Platymiscium,trinitatis,,Leguminosae
,Platymiscium,ulei,,Leguminosae
,Platymiscium,yucatanum,,Leguminosae
,Poga,oleosa,,Anisophylleaceae
,Polyalthia,fragrans,,Annonaceae
,Polyalthia,oblongifolia,,Annonaceae
,Polyscias,ornifolia,,Araliaceae
,Populus,alba,,Salicaceae
,Populus,balsamifera,,Salicaceae
,Populus,canescens,,Salicaceae
,Populus,ciliata,,Salicaceae
,Populus,deltoides,,Salicaceae
,Populus,grandidentata,,Salicaceae
,Populus,heterophylla,,Salicaceae
,Populus,nigra,,Salicaceae
,Populus,tremula,,Salicaceae
,Populus,tremuloides,,Salicaceae
,Populus,trichocarpa,,Salicaceae
,Poulsenia,armata,,Moraceae
,Pouteria,alnifolia,,Sapotaceae
,Pouteria,altissima,,Sapotaceae
,Pouteria,izabalensis,,Sapotaceae
,Pouteria,pierrei,,Sapotaceae
,Pradosia,schomburgkiana,,Sapotaceae
,Prioria,copaifera,,Leguminosae
,Prosopis,africana,,Leguminosae
,Prosopis,juliflora,,Leguminosae
,Prosopis,nigra,,Leguminosae
,Protium,altsonii,,Burseraceae
,Protium,decandrum,,Burseraceae
,Protium,sagotianum,,Burseraceae
,Prunus,africana,,Rosaceae
,Prunus,avium,,Rosaceae
,Prunus,serotina,,Rosaceae
,Prunus,turneriana,,Rosaceae
,Pseudobombax,ellipticum,,Malvaceae
,Pseudopiptadenia,pittieri,,Leguminosae
,Pseudopiptadenia,psilostachya,,Leguminosae
,Pseudosindora,palustris,,Leguminosae
,Psidium,guajava,,Myrtaceae
,Ptaeroxylon,obliquum,,Rutaceae
,Pteleopsis,hylodendron,,Combretaceae
,Pteleopsis,myrtifolia,,Combretaceae
,Pterocarpus,acapulcensis,,Leguminosae
,Pterocarpus,angolensis,,Leguminosae
,Pterocarpus,dalbergioides,,Leguminosae
,Pterocarpus,erinaceus,,Leguminosae
,Pterocarpus,indicus,,Leguminosae
,Pterocarpus,macrocarpus,,Leguminosae
,Pterocarpus,marsupium,,Leguminosae
,Pterocarpus,officinalis,,Leguminosae
,Pterocarpus,rohrii,,Leguminosae
,Pterocarpus,santalinus,,Leguminosae
,Pterocarpus,soyauxii,,Leguminosae
,Pterocarpus,tinctorius,,Leguminosae
,Pterocymbium,beccarii,,Malvaceae
,Pterocymbium,tinctorium,,Malvaceae
,Pterogyne,nitens,,Leguminosae
,Pterospermum,acerifolium,,Malvaceae
,Pterospermum,canescens,,Malvaceae
,Pterospermum,elongatum,,Malvaceae
,Pterospermum,javanicum,,Malvaceae
,Pterygota,alata,,Malvaceae
,Pterygota,bequaertii,,Malvaceae
,Pterygota,horsfieldii,,Malvaceae
,Pterygota,macrocarpa,,Malvaceae
,Pycnanthus,angolensis,,Myristicaceae
,Pyrus,communis,,Rosaceae
,Qualea,albiflora,,Vochysiaceae
,Qualea,coerulea,,Vochysiaceae
,Qualea,dinizii,,Vochysiaceae
,Qualea,paraensis,,Vochysiaceae
,Qualea,parviflora,,Vochysiaceae
,Qualea,rosea,,Vochysiaceae
,Quercus,acuta,,Fagaceae
,Quercus,alba,,Fagaceae
,Quercus,arkansana,,Fagaceae
,Quercus,bicolor,,Fagaceae
,Quercus,cerris,,Fagaceae
,Quercus,chrysolepis,,Fagaceae
,Quercus,coccinea,,Fagaceae
,Quercus,dentata,,Fagaceae
,Quercus,falcata,,Fagaceae
,Quercus,garryana,,Fagaceae
,Quercus,kelloggii,,Fagaceae
,Quercus,lobata,,Fagaceae
,Quercus,lyrata,,Fagaceae
,Quercus,macrocarpa,,Fagaceae
,Quercus,michauxii,,Fagaceae
,Quercus,mongolica,,Fagaceae
,Quercus,mongolica,,Fagaceae
,Quercus,crispula,,Fagaceae
,Quercus,montana,,Fagaceae
,Quercus,muehlenbergii,,Fagaceae
,Quercus,myrsinifolia,,Fagaceae
,Quercus,palustris,,Fagaceae
,Quercus,petraea,,Fagaceae
,Quercus,phillyreoides,,Fagaceae
,Quercus,robur,,Fagaceae
,Quercus,rubra,,Fagaceae
,Quercus,shumardii,,Fagaceae
,Quercus,stellata,,Fagaceae
,Quercus,velutina,,Fagaceae
,Quercus,virginiana,,Fagaceae
,Rapanea,melanophloeos,,Primulaceae
,Ravenea,louvelii,,Arecaceae
,Ravenea,rivularis,,Arecaceae
,Retrophyllum,vitiense,,Podocarpaceae
,Rhamnus,cathartica,,Rhamnaceae
,Rhizophora,mangle,,Rhizophoraceae
,Rhodognaphalon,brevicuspe,,Malvaceae
,Rhus,typhina,,Anacardiaceae
,Ricinodendron,heudelotii,,Euphorbiaceae
,Robinia,pseudoacacia,,Leguminosae
,Roseodendron,donnell-smithii,,Bignoniaceae
,Roupala,cordifolia,,Proteaceae
,Roupala,montana,,Proteaceae
,Roupala,montana,,Proteaceae
,Roupala,montana,,Proteaceae
,Sacoglottis,cydonioides,,Humiriaceae
,Sacoglottis,gabonensis,,Humiriaceae
,Sacoglottis,guianensis,,Humiriaceae
,Salix,alba,,Salicaceae
,Salix,babylonica,,Salicaceae
,Salix,caprea,,Salicaceae
,Salix,cinerea,,Salicaceae
,Salix,eleagnos,,Salicaceae
,Salix,humboldtiana,,Salicaceae
,Salix,nigra,,Salicaceae
,Salix,purpurea,,Salicaceae
,Salix,triandra,,Salicaceae
,Salix,viminalis,,Salicaceae
,Salix,fragilis,,Salicaceae
,Sandoricum,koetjape,,Meliaceae
,Sandoricum,vidalii,,Meliaceae
,Santalum,album,,Santalaceae
,Santiria,laevigata,,Burseraceae
,Sapium,glandulosum,,Euphorbiaceae
,Sapium,haematospermum,,Euphorbiaceae
,Sapium,jenmannii,,Euphorbiaceae
,Sapium,laurifolium,,Euphorbiaceae
,Sapium,laurocerasus,,Euphorbiaceae
,Sapium,marmieri,,Euphorbiaceae
,Sapium,stylare,,Euphorbiaceae
,Sassafras,albidum,,Lauraceae
,Satranala,decussilvae,,Arecaceae
,Scaphium,linearicarpum,,Malvaceae
,Scaphium,longiflorum,,Malvaceae
,Scaphium,longipetiolatum,,Malvaceae
,Scaphium,macropodum,,Malvaceae
,Scaphium,scaphigerum,,Malvaceae
,Schefflera,decaphylla,,Araliaceae
,Schefflera,morototoni,,Araliaceae
,Schima,crenata,,Theaceae
,Schima,noronhae,,Theaceae
,Schima,wallichii,,Theaceae
,Schinopsis,balansae,,Anacardiaceae
,Schinopsis,lorentzii,,Anacardiaceae
,Schinopsis,quebracho-colorado,,Anacardiaceae
,Schinus,molle,,Anacardiaceae
,Schinziophyton,rautanenii,,Euphorbiaceae
,Schizolobium,amazonicum,,Leguminosae
,Schizolobium,parahyba,,Leguminosae
,Sclerocroton,integerrimus,,Euphorbiaceae
,Scleronema,micranthum,,Malvaceae
,Scorodocarpus,borneensis,,Olacaceae
,Scottellia,coriacea,,Achariaceae
,Scottellia,kamerunensis,,Achariaceae
,Scyphocephalium,mannii,,Myristicaceae
,Scytopetalum,tieghemii,,Lecythidaceae
,Senna,siamea,,Leguminosae
,Serianthes,myriadenia,,Leguminosae
,Sextonia,rubra,,Lauraceae
,Shirakiopsis,elliptica,,Euphorbiaceae
,Shirakiopsis,indica,,Euphorbiaceae
,Shorea,acuminata,,Dipterocarpaceae
,Shorea,acuminatissima,,Dipterocarpaceae
,Shorea,albida,,Dipterocarpaceae
,Shorea,assamica,,Dipterocarpaceae
,Shorea,atrinervosa,,Dipterocarpaceae
,Shorea,balangeran,,Dipterocarpaceae
,Shorea,balanocarpoides,,Dipterocarpaceae
,Shorea,bracteolata,,Dipterocarpaceae
,Shorea,brunnescens,,Dipterocarpaceae
,Shorea,collina,,Dipterocarpaceae
,Shorea,contorta,,Dipterocarpaceae
,Shorea,crassa,,Dipterocarpaceae
,Shorea,curtisii,,Dipterocarpaceae
,Shorea,dasyphylla,,Dipterocarpaceae
,Shorea,dealbata,,Dipterocarpaceae
,Shorea,exelliptica,,Dipterocarpaceae
,Shorea,faguetiana,,Dipterocarpaceae
,Shorea,foxworthyi,,Dipterocarpaceae
,Shorea,gibbosa,,Dipterocarpaceae
,Shorea,glauca,,Dipterocarpaceae
,Shorea,guiso,,Dipterocarpaceae
,Shorea,havilandii,,Dipterocarpaceae
,Shorea,hemsleyana,,Dipterocarpaceae
,Shorea,hopeifolia,,Dipterocarpaceae
,Shorea,hypochra,,Dipterocarpaceae
,Shorea,javanica,,Dipterocarpaceae
,Shorea,johorensis,,Dipterocarpaceae
,Shorea,kalunti,,Dipterocarpaceae
,Shorea,kunstleri,,Dipterocarpaceae
,Shorea,laevifolia,,Dipterocarpaceae
,Shorea,laevis,,Dipterocarpaceae
,Shorea,lamellata,,Dipterocarpaceae
,Shorea,lepidota,,Dipterocarpaceae
,Shorea,leprosula,,Dipterocarpaceae
,Shorea,leptoclados,,Dipterocarpaceae
,Shorea,leptoderma,,Dipterocarpaceae
,Shorea,longipetala,,Dipterocarpaceae
,Shorea,macrantha,,Dipterocarpaceae
,Shorea,macroptera,,Dipterocarpaceae
,Shorea,materialis,,Dipterocarpaceae
,Shorea,maxwelliana,,Dipterocarpaceae
,Shorea,multiflora,,Dipterocarpaceae
,Shorea,negrosensis,,Dipterocarpaceae
,Shorea,ochrophloia,,Dipterocarpaceae
,Shorea,ovaIis,,Dipterocarpaceae
,Shorea,ovata,,Dipterocarpaceae
,Shorea,parvifolia,,Dipterocarpaceae
,Shorea,pauciflora,,Dipterocarpaceae
,Shorea,plagata,,Dipterocarpaceae
,Shorea,platyclados,,Dipterocarpaceae
,Shorea,quadrinervis,,Dipterocarpaceae
,Shorea,resina-nigra,,Dipterocarpaceae
,Shorea,roxburghii,,Dipterocarpaceae
,Shorea,rugosa,,Dipterocarpaceae
,Shorea,seminis,,Dipterocarpaceae
,Shorea,singkawang,,Dipterocarpaceae
,Shorea,smithiana,,Dipterocarpaceae
,Shorea,stellata,,Dipterocarpaceae
,Shorea,submontana,,Dipterocarpaceae
,Shorea,sumatrana,,Dipterocarpaceae
,Shorea,superba,,Dipterocarpaceae
,Sideroxylon,obtusifolium,,Sapotaceae
,Simarouba,amara,,Simaroubaceae
,Simira,salvadorensis,,Rubiaceae
,Sindora,bruggemanii,,Leguminosae
,Sindora,coriacea,,Leguminosae
,Sindora,javanica,,Leguminosae
,Sindora,leiocarpa,,Leguminosae
,Sindora,siamensis,,Leguminosae
,Sindora,supa,,Leguminosae
,Sindora,velutina,,Leguminosae
,Sindora,wallichii,,Leguminosae
,Sinopodophyllum,hexandrum,,Berberidaceae
,Siphonodon,australis,,Celastraceae
,Sorbus,aria,,Rosaceae
,Sorbus,aucuparia,,Rosaceae
,Sorbus,intermedia,,Rosaceae
,Sorbus,torminalis,,Rosaceae
,Spathodea,campanulata,,Bignoniaceae
,Spirostachys,africana,,Euphorbiaceae
,Spondias,mombin,,Anacardiaceae
,Staudtia,kamerunensis,,Myristicaceae
,Staudtia,kamerunensis,,Myristicaceae
,Staudtia,kamerunensis,,Myristicaceae
,Sterculia,apetala,,Malvaceae
,Sterculia,ceramica,,Malvaceae
,Sterculia,conwentzii,,Malvaceae
,Sterculia,oblonga,,Malvaceae
,Sterculia,pruriens,,Malvaceae
,Sterculia,rhinopetala,,Malvaceae
,Sterculia,rugosa,,Malvaceae
,Sterculia,vitiensis,,Malvaceae
,Strombosia,glaucescens,,Olacaceae
,Strombosia,pustulata,,Olacaceae
,Swartzia,benthamiana,,Leguminosae
,Swartzia,cubensis,,Leguminosae
,Swartzia,leiocalycina,,Leguminosae
,Swartzia,panacoco,,Leguminosae
,Sweetia,fruticosa,,Leguminosae
,Swietenia,humilis,,Meliaceae
,Swietenia,macrophylla,,Meliaceae
,Swietenia,mahagoni,,Meliaceae
,Swintonia,floribunda,,Anacardiaceae
,Swintonia,schwenckii,,Anacardiaceae
,Swintonia,spicifera,,Anacardiaceae
,Sympetalandra,densiflora,,Leguminosae
,Symphonia,globulifera,,Clusiaceae
,Symplocos,martinicensis,,Symplocaceae
,Syncarpia,glomulifera,,Myrtaceae
,Syringa,vulgaris,,Oleaceae
,Syzygium,buettnerianum,,Myrtaceae
,Syzygium,cumini,,Myrtaceae
,Syzygium,dyerianum,,Myrtaceae
,Syzygium,eugenioides,,Myrtaceae
,Syzygium,kuranda,,Myrtaceae
,Syzygium,suborbiculare,,Myrtaceae
,Tabebuia,insignis,,Bignoniaceae
,Tabebuia,pallida,,Bignoniaceae
,Tabebuia,rosea,,Bignoniaceae
,Tachigali,myrmecophila,,Leguminosae
,Tachigali,paniculata,,Leguminosae
,Tamarindus,indica,,Leguminosae
,Tambourissa,thouvenotii,,Monimiaceae
,Tapirira,guianensis,,Anacardiaceae
,Tarrietia,densiflora,,Malvaceae
,Tarrietia,sylvatica,,Malvaceae
,Tarrietia,utilis,,Malvaceae
,Tectona,grandis,,Lamiaceae
,Terminalia,alata,,Combretaceae
,Terminalia,amazonia,,Combretaceae
,Terminalia,arjuna,,Combretaceae
,Terminalia,bellirica,,Combretaceae
,Terminalia,bialata,,Combretaceae
,Terminalia,brassii,,Combretaceae
,Terminalia,calamansanay,,Combretaceae
,Terminalia,catappa,,Combretaceae
,Terminalia,celebica,,Combretaceae
,Terminalia,chebula,,Combretaceae
,Terminalia,complanata,,Combretaceae
,Terminalia,guyanensis,,Combretaceae
,Terminalia,ivorensis,,Combretaceae
,Terminalia,macroptera,,Combretaceae
,Terminalia,microcarpa,,Combretaceae
,Terminalia,nitens,,Combretaceae
,Terminalia,oblonga,,Combretaceae
,Terminalia,paniculata,,Combretaceae
,Terminalia,procera,,Combretaceae
,Terminalia,solomonensis,,Combretaceae
,Terminalia,superba,,Combretaceae
,Terminalia,tomentosa,,Combretaceae
,Tessmannia,africana,,Leguminosae
,Testulea,gabonensis,,Ochnaceae
,Tetraberlinia,bifoliolata,,Leguminosae
,Tetraberlinia,tubmaniana,,Leguminosae
,Tetragastris,altissima,,Burseraceae
,Tetragastris,panamensis,,Burseraceae
,Tetrameles,nudiflora,,Tetramelaceae 
,Tetramerista,glabra,,Tetrameristaceae
,Tetrapleura,tetraptera,,Leguminosae
,Thespesia,populnea,,Malvaceae
,Tieghemella,africana,,Sapotaceae
,Tieghemella,heckelii,,Sapotaceae
,Tilia,americana,,Malvaceae
,Tilia,cordata,,Malvaceae
,Tilia,glabra,,Malvaceae
,Tilia,platyphyllos,,Malvaceae
,Tilia,europaea,,Malvaceae
,Tipuana,tipu,,Leguminosae
,Toona,calantas,,Meliaceae
,Toona,ciliata,,Meliaceae
,Toona,sureni,,Meliaceae
,Trema,orientalis,,Cannabaceae
,Triadica,cochinchinensis,,Euphorbiaceae
,Triplaris,weigeltiana,,Polygonaceae
,Triplochiton,scleroxylon,,Malvaceae
,Tristaniopsis,decorticata,,Myrtaceae
,Trochodendron,aralioides,,Trochodendraceae
,Turpinia,ovalifolia,,Staphyleaceae
,Turraeanthus,africana,,Meliaceae
,Uapaca,guineensis,,Phyllanthaceae
,Uapaca,heudelotii,,Phyllanthaceae
,Ulmus,alata,,Ulmaceae
,Ulmus,americana,,Ulmaceae
,Ulmus,campestris,,Ulmaceae
,Ulmus,crassifolia,,Ulmaceae
,Ulmus,glabra,,Ulmaceae
,Ulmus,hollandica,,Ulmaceae
,Ulmus,laevis,,Ulmaceae
,Ulmus,minor,,Ulmaceae
,Ulmus,pumila,,Ulmaceae
,Ulmus,rubra,,Ulmaceae
,Ulmus,thomasii,,Ulmaceae
,Umbellularia,californica,,Lauraceae
,Upuna,borneensis,,Dipterocarpaceae
,Vatairea,guianensis,,Leguminosae
,Vatica,rassak,,Dipterocarpaceae
,Vatica,scaphula,,Dipterocarpaceae
,Vatica,tonkinensis,,Dipterocarpaceae
,Virola,albidiflora,,Myristicaceae
,Virola,carinata,,Myristicaceae
,Virola,elongata,,Myristicaceae
,Virola,flexuosa,,Myristicaceae
,Virola,gardneri,,Myristicaceae
,Virola,koschnyi,,Myristicaceae
,Virola,michelii,,Myristicaceae
,Virola,multicostata,,Myristicaceae
,Virola,pavonis,,Myristicaceae
,Virola,sebifera,,Myristicaceae
,Virola,surinamensis,,Myristicaceae
,Vitex,cofassus,,Lamiaceae
,Vitex,doniana,,Lamiaceae
,Vitex,gaumeri,,Lamiaceae
,Vitex,glabrata,,Lamiaceae
,Vitex,micrantha,,Lamiaceae
,Vitex,parviflora,,Lamiaceae
,Vitex,phaeotricha,,Lamiaceae
,Vitex,pinnata,,Lamiaceae
,Vitex,quinata,,Lamiaceae
,Vitex,triflora,,Lamiaceae
,Vitex,turczaninowii,,Lamiaceae
,Vitex,vestita,,Lamiaceae
,Vochysia,citrifolia,,Vochysiaceae
,Vochysia,densiflora,,Vochysiaceae
,Vochysia,divergens,,Vochysiaceae
,Vochysia,diversa,,Vochysiaceae
,Vochysia,duquei,,Vochysiaceae
,Vochysia,ferruginea,,Vochysiaceae
,Vochysia,guatemalensis,,Vochysiaceae
,Vochysia,guianensis,,Vochysiaceae
,Vochysia,lanceolata,,Vochysiaceae
,Vochysia,leguiana,,Vochysiaceae
,Vochysia,lehmannii,,Vochysiaceae
,Vochysia,maxima,,Vochysiaceae
,Vochysia,obidensis,,Vochysiaceae
,Vochysia,obscura,,Vochysiaceae
,Vochysia,schomburgkii,,Vochysiaceae
,Vochysia,tetraphylla,,Vochysiaceae
,Vochysia,tomentosa,,Vochysiaceae
,Vouacapoua,americana,,Leguminosae
,Vouacapoua,macropetala,,Leguminosae
,Wallaceodendron,celebicum,,Leguminosae
,Warburgia,ugandensis,,Canellaceae
,Weinmannia,trichosperma,,Cunoniaceae
,Wrightia,arborea,,Apocynaceae
,Wrightia,pubescens,,Apocynaceae
,Xanthophyllum,excelsum,,Polygalaceae
,Xanthophyllum,papuanum,,Polygalaceae
,Xylia,xylocarpa,,Leguminosae
,Xylocarpus,granatum,,Meliaceae
,Xylocarpus,moluccensis,,Meliaceae
,Zanthoxylum,caribaeum,,Rutaceae
,Zanthoxylum,flavum,,Rutaceae
,Zanthoxylum,gilletii,,Rutaceae
,Zanthoxylum,heitzii,,Rutaceae
,Zanthoxylum,rhetsa,,Rutaceae
,Zanthoxylum,riedelianum,,Rutaceae
,Zelkova,serrata,,Ulmaceae
,Zollernia,paraensis,,Leguminosae
,Zygia,racemosa,,Leguminosae
,Agathis,alba,,Araucariaceae
,Agathis,australis,,Araucariaceae
,Agathis,borneensis,,Araucariaceae
,Agathis,dammara,,Araucariaceae
,Agathis,macrophylla,,Araucariaceae
,Agathis,moorei,,Araucariaceae
,Agathis,philippinensis,,Araucariaceae
,Agathis,robusta,,Araucariaceae
,Araucaria,angustifolia,,Araucariaceae
,Araucaria,araucana,,Araucariaceae
,Araucaria,bidwillii,,Araucariaceae
,Araucaria,columnaris,,Araucariaceae
,Araucaria,cunninghamii,,Araucariaceae
,Araucaria,hunsteinii,,Araucariaceae
,Callitris,columellaris,,Cupressaceae
,Callitris,endlicheri,,Cupressaceae
,Calocedrus,decurrens,,Cupressaceae
,Chamaecyparis,lawsoniana,,Cupressaceae
,Chamaecyparis,thyoides,,Cupressaceae
,Cryptomeria,japonica,,Cupressaceae
,Cunninghamia,lanceolata,,Cupressaceae
,Cupressus,lusitanica,,Cupressaceae
,Cupressus,macnabiana,,Cupressaceae
,Cupressus,macrocarpa,,Cupressaceae
,Cupressus,nootkatensis,,Cupressaceae
,Cupressus,sempervirens,,Cupressaceae
,Cupressus,torulosa,,Cupressaceae
,Fitzroya,cupressoides,,Cupressaceae
,Juniperus,deppeana,,Cupressaceae
,Juniperus,occidentalis,,Cupressaceae
,Juniperus,oxycedrus,,Cupressaceae
,Juniperus,procera,,Cupressaceae
,Juniperus,virginiana,,Cupressaceae
,Pilgerodendron,uviferum,,Cupressaceae
,Platycladus,orientalis,,Cupressaceae
,Sequoia,sempervirens,,Cupressaceae
,Sequoiadendron,gigantum,,Cupressaceae
,Taxodium,distichum,,Cupressaceae
,Tetraclinis,articulata,,Cupressaceae
,Thuja,occidentalis,,Cupressaceae
,Thuja,plicata,,Cupressaceae
,Widdringtonia,whytei,,Cupressaceae
,Abies,alba,,Pinaceae
,Abies,amabilis,,Pinaceae
,Abies,balsamea,,Pinaceae
,Abies,bracteata,,Pinaceae
,Abies,concolor,,Pinaceae
,Abies,grandis,,Pinaceae
,Abies,guatemalensis,,Pinaceae
,Abies,lasiocarpa,,Pinaceae
,Abies,magnifica,,Pinaceae
,Abies,procera,,Pinaceae
,Abies,sibirica,,Pinaceae
,Abies,spectabilis,,Pinaceae
,Cedrus,atlantica,,Pinaceae
,Cedrus,deodara,,Pinaceae
,Cedrus,libani,,Pinaceae
,Larix,decidua,,Pinaceae
,Larix,gmelinii,,Pinaceae
,Larix,kaempferi,,Pinaceae
,Larix,laricina,,Pinaceae
,Larix,occidentalis,,Pinaceae
,Larix,sibirica,,Pinaceae
,Picea,abies,,Pinaceae
,Picea,engelmannii,,Pinaceae
,Picea,glauca,,Pinaceae
,Picea,jezoensis,,Pinaceae
,Picea,mariana,,Pinaceae
,Picea,omorika,,Pinaceae
,Picea,rubens,,Pinaceae
,Picea,sitchensis,,Pinaceae
,Pinus,ayacahuite,,Pinaceae
,Pinus,banksiana,,Pinaceae
,Pinus,caribaea,,Pinaceae
,Pinus,clausa,,Pinaceae
,Pinus,contorta,,Pinaceae
,Pinus,devoniana,,Pinaceae
,Pinus,echinata,,Pinaceae
,Pinus,edulis,,Pinaceae
,Pinus,elliottii,,Pinaceae
,Pinus,englemannii,,Pinaceae
,Pinus,flexilis,,Pinaceae
,Pinus,glabra,,Pinaceae
,Pinus,heldreichii,,Pinaceae
,Pinus,jeffreyi,,Pinaceae
,Pinus,kesiya,,Pinaceae
,Pinus,kesiya,,Pinaceae
,Pinus,kesiya,,Pinaceae
,Pinus,koraiensis,,Pinaceae
,Pinus,lambertiana,,Pinaceae
,Pinus,merkusii,,Pinaceae
,Pinus,montezumae,,Pinaceae
,Pinus,monticola,,Pinaceae
,Pinus,mugo,,Pinaceae
,Pinus,nigra,,Pinaceae
,Pinus,oocarpa,,Pinaceae
,Pinus,palustris,,Pinaceae
,Pinus,patula,,Pinaceae
,Pinus,pinaster,,Pinaceae
,Pinus,ponderosa,,Pinaceae
,Pinus,pringlei,,Pinaceae
,Pinus,pseudostrobus,,Pinaceae
,Pinus,pungens,,Pinaceae
,Pinus,radiata,,Pinaceae
,Pinus,resinosa,,Pinaceae
,Pinus,rigida,,Pinaceae
,Pinus,serotina,,Pinaceae
,Pinus,strobus,,Pinaceae
,Pinus,sylvestris,,Pinaceae
,Pinus,taeda,,Pinaceae
,Pinus,taiwanensis,,Pinaceae
,Pinus,virginiana,,Pinaceae
,Pinus,wallichiana,,Pinaceae
,Pseudotsuga,menziesii,,Pinaceae
,Tsuga,canadensis,,Pinaceae
,Tsuga,heterophylla,,Pinaceae
,Tsuga,mertensiana,,Pinaceae
,Afrocarpus,falcatus,,Podocarpaceae
,Afrocarpus,gracilior,,Podocarpaceae
,Dacrycarpus,dacrydiodes,,Podocarpaceae
,Dacrycarpus,imbricatus,,Podocarpaceae
,Dacrydium,beccarii,,Podocarpaceae
,Dacrydium,cupressinum,,Podocarpaceae
,Dacrydium,elatum,,Podocarpaceae
,Dacrydium,nidulum,,Podocarpaceae
,Lagarostrobos,franklinii,,Podocarpaceae
,Nageia,wallichiana,,Podocarpaceae
,Phyllocladus,aspleniifolius,,Podocarpaceae
,Podocarpus,guatemalensis,,Podocarpaceae
,Podocarpus,neriifolius,,Podocarpaceae
,Podocarpus,rumphii,,Podocarpaceae
,Prumnopitys,ferruginea,,Podocarpaceae
,Taxus,baccata,,Taxaceae
,Taxus,brevifolia,,Taxaceae
,Taxus,cuspidata,,Taxaceae
,Taxus,fuana,,Taxaceae
,Taxus,sumatrana,,Taxaceae
,Taxus,wallichiana,,Taxaceae
,Taxus,wallichiana,,Taxaceae
,Taxus,wallichiana,,Taxaceae
