,hs_code,Indent,Description
0,4401,0,Fuel wood &&  in logs &&  in billets &&  in twigs &&  in faggots or in similar forms; wood in chips or particles; sawdust && wood waste && scrap &&  whether or not agglomerated in logs &&  briquettes &&  pellets or similar forms
1,4401.10.00.00,1,Fuel wood &&  in logs &&  in billets &&  in twigs &&  in faggots or in similar forms
2,,1,Wood in chips or particles
3,4401.21.00.00,2,Coniferous
4,4401.22.00.00,2,Nonconiferous
5,,1,Sawdust && wood waste && scrap &&  whether or not agglomerated in logs &&  briquettes &&  pellets or similar forms
6,4401.31.00.00,2,Wood pellets
7,4401.39,2,Other
8,4401.39.20.00,3,Artificial fire logs composed of wax && sawdust &&  with or without added materials
9,4401.39.40,3,Other
10,4401.39.40.10,4,Sawdust not agglomerated
11,4401.39.40.20,4,Shavings
12,4401.39.40.90,4,Other
13,4402,0,Wood charcoal (including shell or nut charcoal) &&  whether or not agglomerated
14,4402.10.00.00,1,Of bamboo
15,4402.90.00.00,1,Other
16,4403,0,Wood in the rough &&  whether or not stripped of bark or sap- wood &&  or roughly squared
17,4403.10.00,1,Treated with paint &&  stain &&  creosote or other preservatives
18,,2,Poles &&  piles && posts
19,4403.10.00.20,3,Telephone &&  telegraph && electrical power poles
20,4403.10.00.40,3,Fence posts
21,4403.10.00.50,3,Other
22,4403.10.00.60,2,Other
23,4403.20.00,1,Other &&  coniferous
24,,2,Pulpwood
25,4403.20.00.04,3,Balsam &&  fir or spruce
26,4403.20.00.08,3,Other
27,,2,Poles &&  piles && posts
28,4403.20.00.12,3,Telephone &&  telegraph && electrical power poles
29,4403.20.00.15,3,Fence posts
30,4403.20.00.16,3,Other
31,,2,Logs && timber
32,,3,Pine (<u>Pinus</u> spp.)
33,4403.20.00.20,4,Southern yellow pine (Loblolly pine (<u>Pinus</u> <u>taeda</u>)) &&  long leaf pine (<u>Pinus</u> <u>palustris</u>) &&  pitch pine (<u>Pinus</u> <u>rigida</u>) &&  short leaf pine (<u>Pinus</u> <u>echinada</u>) &&  slash pine (<u>Pinus</u> <u>elliottii</u>) && Virginia pine (<u>Pinus</u> <u>virginiana</u>)
34,4403.20.00.25,4,Ponderosa pine (<u>Pinus</u> <u>ponderosa</u>)
35,4403.20.00.30,4,Other
36,4403.20.00.35,3,Spruce (<u>Picea</u> spp.)
37,4403.20.00.40,3,Douglas-fir (<u>Pseudotsuga</u> <u>menziesii</u>)
38,4403.20.00.42,3,Other fir; balsam
39,4403.20.00.50,3,Western hemlock (<u>Tsugo</u> <u>meterophylla</u>)
40,4403.20.00.52,3,Other hemlock
41,4403.20.00.55,3,Western red cedar (<u>Thuja</u> <u>plicata</u>)
42,4403.20.00.57,3,Other cedar
43,4403.20.00.64,3,Other
44,4403.20.00.65,2,Other
45,,1,Other &&  of tropical wood specified in subheading note 2 to this chapter
46,4403.41.00.00,2,Dark Red Meranti &&  Light Red Meranti && Meranti Bakau
47,4403.49.00.00,2,Other
48,,1,Other
49,4403.91.00,2,Of oak (<u>Quercus</u> spp.)
50,4403.91.00.20,3,Of red oak
51,4403.91.00.40,3,Other
52,4403.92.00.00,2,Of beech (<u>Fagus</u> spp.)
53,4403.99.00,2,Other
54,,3,Pulpwood
55,4403.99.00.22,4,Of poplar &&  aspen or cottonwood
56,4403.99.00.24,4,Other
57,,3,Poles &&  piles && posts
58,4403.99.00.26,4,Of poplar &&  aspen or cottonwood
59,4403.99.00.27,4,Of birch
60,4403.99.00.29,4,Other
61,,3,Other
62,4403.99.00.30,4,Of birch (<u>Betula</u> spp.)
63,4403.99.00.40,4,Of ash (<u>Fraxinus</u> spp.)
64,4403.99.00.50,4,Of western red alder (<u>Alnus</u> <u>rubra</u>)
65,4403.99.00.55,4,Of cherry (<u>Prunus</u> spp.)
66,4403.99.00.60,4,Of maple (<u>Acer</u> spp.)
67,4403.99.00.65,4,Of yellow poplar (<u>Liriodendron</u> <u>tulipifera</u>)
68,4403.99.00.67,4,Of other poplar; of aspen or cottonwood
69,4403.99.00.70,4,Of walnut (<u>Juglans</u> spp.)
70,4403.99.00.75,4,Of paulownia (<u>Paulownia</u> spp.)
71,4403.99.00.91,4,Other
72,4404,0,Hoopwood; split poles; piles &&  pickets && stakes of wood &&  pointed but not sawn lengthwise; wooden sticks &&  roughly trimmed but not turned &&  bent or otherwise worked &&  suitable for the manufacture of walking-sticks &&  umbrellas &&  tool handles or the like; chipwood && the like
73,4404.10.00,1,Coniferous
74,4404.10.00.40,2,Fence pickets &&  palings && rails
75,4404.10.00.80,2,Poles &&  piles && posts
76,4404.10.00.90,2,Other
77,4404.20.00,1,Nonconiferous
78,4404.20.00.40,2,Fence pickets &&  palings && rails
79,4404.20.00.80,2,Poles &&  piles && posts
80,4404.20.00.90,2,Other
81,4405.00.00.00,0,Wood wool (excelsior); wood flour
82,4406,0,Railway or tramway sleepers (cross-ties) of wood
83,4406.10.00.00,1,Not impregnated
84,4406.90.00.00,1,Other
85,4407,0,Wood sawn or chipped lengthwise &&  sliced or peeled &&  whether or not planed &&  sanded or end-jointed &&  of a thickness exceeding 6 mm
86,4407.10.01,1,Coniferous
87,4407.10.01.01,2,Finger-jointed
88,,2,Other
89,4407.10.01.02,3,Treated with paint &&  stain &&  creosote &&  or other preservative
90,,3,Not treated
91,4407.10.01.15,4,"Mixtures of spruce &&  pine &&  && fir (""S-P-F"")"
92,4407.10.01.16,4,"Mixtures of western hemlock && amabilis fir (""hem-fir"")"
93,,4,Other
94,,5,Sitka spruce (<u>Picea</u> <u>sitchensis</u>)
95,4407.10.01.17,6,Rough
96,4407.10.01.18,6,Other
97,,5,Other spruce
98,4407.10.01.19,6,Rough
99,4407.10.01.20,6,Other
100,,5,Eastern white pine (<u>Pinus</u> <u>Strobus</u>) && red pine (<u>Pinus</u> <u>resinosa</u>)
101,4407.10.01.42,6,Rough
102,4407.10.01.43,6,Other
103,,5,Lodgepole pine (<u>Pinus</u> <u>contorta</u>)
104,4407.10.01.44,6,Rough
105,4407.10.01.45,6,Other
106,,5,Southern yellow pine (Loblolly pine (<u>Pinus</u> <u>taeda</u>)) &&  long leaf pine (<u>Pinus</u> <u>palustris</u>) &&  pitch pine (<u>Pinus</u> <u>rigida</u>) &&  short leaf pine (<u>Pinus</u> <u>echinata</u>) &&  slash pine (<u>Pinus</u> <u>elliottii</u>) && Virginia pine (<u>Pinus</u> <u>virginiana</u>)
107,4407.10.01.46,6,Rough
108,4407.10.01.47,6,Other
109,,5,Ponderosa pine (<u>Pinus</u> <u>ponderosa</u>)
110,4407.10.01.48,6,Rough
111,4407.10.01.49,6,Other
112,,5,Other pine
113,4407.10.01.52,6,Rough
114,4407.10.01.53,6,Other
115,,5,Douglas-fir (<u>Pseudotsuga</u> <u>menziesii</u>)
116,,6,Rough
117,4407.10.01.54,7,Having a minimum dimension less than 5.1 cm
118,4407.10.01.55,7,Having a minimum dimension 5.1 cm or more but less than 12.7 cm
119,4407.10.01.56,7,Having a minimum dimension 12.7 cm or more
120,4407.10.01.57,6,Other
121,,5,Fir (<u>Abies</u> spp.)
122,4407.10.01.58,6,Rough
123,4407.10.01.59,6,Other
124,,5,Hemlock (<u>Tsuga</u> spp.)
125,4407.10.01.64,6,Rough
126,4407.10.01.65,6,Other
127,,5,Larch (<u>Larix</u> spp.)
128,4407.10.01.66,6,Rough
129,4407.10.01.67,6,Other
130,,5,Western red cedar
131,4407.10.01.68,6,Rough
132,4407.10.01.69,6,Other
133,,5,Yellow cedar (<u>Chamaecyparis</u> <u>nootkanensis</u>)
134,4407.10.01.74,6,Rough
135,4407.10.01.75,6,Other
136,,5,Other cedar (<u>Thuja</u> spp. &&  <u>Juniperus</u> spp. &&  <u>Chamaecyparis</u> spp. &&  <u>Cupressus</u> spp. && <u>Libocedrus</u> spp.)
137,4407.10.01.76,6,Rough
138,4407.10.01.77,6,Other
139,,5,Redwood (<u>Sequoia</u> <u>sempervirens</u>)
140,4407.10.01.82,6,Rough
141,4407.10.01.83,6,Other
142,,5,Other
143,4407.10.01.92,6,Rough
144,4407.10.01.93,6,Other
145,,1,Of tropical wood specified in subheading note 2 to this chapter
146,4407.21.00.00,2,Mahogany (<u>Swietenia</u> spp.)
147,4407.22.00,2,Virola &&  Imbuia && Balsa
148,4407.22.00.06,3,Balsa (<u>Ochroma</u> <u>lagopus</u>)
149,4407.22.00.91,3,Other
150,4407.25.00.00,2,Dark Red Meranti &&  Light Red Meranti && Meranti Bakau
151,4407.26.00.00,2,White Lauan &&  White Meranti &&  White Seraya &&  Yellow Meranti && Alan
152,4407.27.00.00,2,Sapelli
153,4407.28.00.00,2,Iroko
154,4407.29.01,2,Other
155,4407.29.01.06,3,Acajou d'Afrique (<u>Khaya</u> spp.) &&  also known as African mahogany
156,4407.29.01.11,3,Aningre (<u>Aningeria</u> spp.) &&  also known as Aniegre or Anegre
157,4407.29.01.16,3,Keruing (<u>Dipterocarpus</u> spp.)
158,4407.29.01.21,3,IpÃ© (<u>Tabebuia </u>spp.)
159,4407.29.01.31,3,Teak (<u>Tectona</u> <u>grandis</u>)
160,4407.29.01.40,3,Andiroba (<u>Carapa guianensis && Cprocera)</u> &&  <newline/>Padauk (<u>Pterocarpus spp.</u>) <u>a.k.a. Padouk</u>
161,4407.29.01.60,3,Cedro (<u>Cedrela spp.)</u> &&  also known as Spanish Cedar
162,4407.29.01.80,3,Other
163,,1,Other
164,4407.91.00,2,Of oak (<u>Quercus</u> spp.)
165,4407.91.00.22,3,Red oak
166,4407.91.00.63,3,Other
167,4407.92.00.00,2,Of beech (<u>Fagus</u> spp.)
168,4407.93.00,2,Of maple (<u>Acer</u> spp.)
169,4407.93.00.10,3,Hard maple
170,4407.93.00.20,3,Other
171,4407.94.00.00,2,Of cherry (<u>Prunus </u>spp.)
172,4407.95.00.00,2,Of ash (<u>Fraxinus </u>spp.)
173,4407.99.01,2,Other
174,,3,Birch (Betula spp.)
175,4407.99.01.11,4,North American (Betula alleghaniensis &&  Betula papyrifera &&  Betula lenta &&  Betula nigra)
176,4407.99.01.13,4,European (Betula pendula &&  Betula pubescens) &&  also known as Baltic &&  Russian or Chinese birch
177,4407.99.01.19,4,Other
178,4407.99.01.42,3,Hickory (<u>Carya</u> spp.) && pecan (<u>Carya</u> <u>illinoensis</u> &&  <u>Carya</u> <u>pecan</u>)
179,4407.99.01.61,3,Walnut (<u>Juglans</u> spp)<u></u>
180,4407.99.01.63,3,Western red alder (<u>Alnus</u> <u>rubra</u>)
181,4407.99.01.72,3,Yellow poplar (<u>Liriodendron</u> <u>tulipifera</u>)
182,4407.99.01.79,3,Other poplar; aspen; cottonwood
183,4407.99.01.85,3,Jatoba (<u>Hymenaea</u> spp.) &&  also known as Brazilian Cherry
184,4407.99.01.93,3,Other nonconiferous
185,4408,0,Sheets for veneering (including those obtained by slicing laminated wood) &&  for plywood or for similar laminated wood && other wood &&  sawn lengthwise &&  sliced or peeled &&  whether or not planed &&  sanded &&  spliced or end-jointed &&  of a thickness not exceeding 6 mm
186,4408.10.01,1,Coniferous
187,4408.10.01.25,2,Douglas fir
188,4408.10.01.45,2,Other
189,,1,Of tropical wood specified in subheading note 2 to this chapter
190,4408.31.01.00,2,Dark Red Meranti &&  Light Red Meranti && Meranti Bakau
191,4408.39.01,2,Other
192,4408.39.01.10,3,Spliced or end-jointed
193,4408.39.01.90,3,Other
194,4408.90.01,1,Other
195,,2,Spliced or end-jointed
196,4408.90.01.05,3,Ash (<u>Fraxinus</u> spp.)
197,4408.90.01.10,3,Birch (<u>Betula</u> spp.)
198,4408.90.01.15,3,Cherry (<u>Prunus</u> spp.)
199,4408.90.01.21,3,Maple (<u>Acer</u> spp.)
200,,3,Oak (<u>Quercus</u> spp.)
201,4408.90.01.31,4,Red
202,4408.90.01.37,4,Other
203,4408.90.01.45,3,Walnut (<u>Juglans</u> spp.)
204,4408.90.01.51,3,Other
205,,2,Other
206,4408.90.01.56,3,Ash (<u>Fraxinus</u> spp.)
207,4408.90.01.61,3,Birch (<u>Betula</u> spp.)
208,4408.90.01.66,3,Cherry (<u>Prunus</u> spp.)
209,4408.90.01.71,3,Maple (<u>Acer</u> spp.)
210,,3,Oak (Quercus spp.)
211,4408.90.01.76,4,Red
212,4408.90.01.81,4,Other
213,4408.90.01.87,3,Walnut (<u>Juglans</u> spp.)
214,4408.90.01.95,3,Other
215,4409,0,Wood (including strips && friezes for parquet flooring &&  not assembled) continuously shaped (tongued &&  grooved &&  rebated &&  chamfered &&  V-jointed &&  beaded &&  molded &&  rounded or the like) along any of its edges &&  ends or faces &&  whether or not planed &&  sanded or end-jointed
216,4409.10,1,Coniferous
217,4409.10.05.00,2,Wood continuously shaped along any of its ends &&  whether or not also continuously shaped along any of its edges or faces &&  all the foregoing whether or not planed &&  sanded or end-jointed
218,,2,Other
219,4409.10.10,3,Wood siding
220,,4,Resawn bevel siding
221,4409.10.10.20,5,Western red cedar
222,4409.10.10.40,5,Other
223,,4,Other
224,4409.10.10.60,5,Western red cedar
225,4409.10.10.80,5,Other
226,4409.10.20.00,3,Wood flooring
227,,3,Wood moldings
228,,4,Standard wood molding
229,4409.10.40,5,Pine (<u>Pinus</u> spp.)
230,4409.10.40.10,6,End-jointed
231,4409.10.40.90,6,Other
232,4409.10.45.00,5,Other
233,4409.10.50.00,4,Other
234,,3,Wood dowel rods
235,4409.10.60.00,4,Plain
236,4409.10.65.00,4,Sanded &&  grooved &&  or otherwise advanced in condition
237,4409.10.90,3,Other
238,4409.10.90.20,4,Western red cedar
239,4409.10.90.40,4,Other
240,,1,Nonconiferous
241,4409.21,2,Of bamboo
242,4409.21.05.00,3,Wood continuously shaped along any of its ends &&  whether or not also continuously shaped along any of its edges or faces &&  all the foregoing whether or not planed &&  sanded or end-jointed
243,4409.21.90.00,3,Other
244,4409.29,2,Other
245,4409.29.05,3,Wood continuously shaped along any of its ends &&  whether or not also continuously shaped along any of its edges or faces &&  all the foregoing whether or not planed &&  sanded or end-jointed
246,,4,Wood flooring (end-matched)
247,4409.29.05.15,5,Jatoba (<u>Hymenaea</u> spp.) &&  also known as Brazilian Cherry
248,4409.29.05.25,5,Ipe (<u>Tabebuia</u> spp.) &&  also known as Tahibo &&  LaPacho &&  Brazilian walnut &&  && Patagonian walnut
249,4409.29.05.35,5,Santos' mahogany (<u>Myroxylon</u> <u>balsamum</u>) &&  also known as Cabreuva
250,4409.29.05.45,5,Cumaru (<u>Dipteryx</u> spp.) &&  also known as Brazilian teak
251,4409.29.05.55,5,Other
252,4409.29.05.65,4,Other
253,,3,Other
254,4409.29.10.00,4,Wood siding
255,4409.29.25,4,Wood flooring
256,4409.29.25.30,5,Maple (<u>Acer</u> spp.)
257,4409.29.25.50,5,Birch (<u>Betula </u>spp.) && beech (<u>Fagus </u> spp.)
258,4409.29.25.60,5,Other
259,,4,Wood moldings
260,4409.29.40.00,5,Standard wood moldings
261,4409.29.50.00,5,Other
262,,4,Wood dowel rods
263,4409.29.60.00,5,Plain
264,4409.29.65.00,5,Sanded &&  grooved or otherwise advanced in condition
265,4409.29.90.00,4,Other
266,4410,0,Particle board &&  oriented strand board (OSB) && similar board (for example &&  waferboard) of wood or other ligneous materials &&  whether or not agglomerated with resins or other organic binding substances
267,,1,Of wood
268,4410.11.00,2,Particle board
269,4410.11.00.10,3,Unworked or not further worked than sanded
270,4410.11.00.20,3,Surface-covered with melamine-impregnated paper
271,4410.11.00.30,3,Surface-covered with decorative laminates of plastic
272,4410.11.00.60,3,Other
273,4410.12.00,2,Oriented strand board (OSB)
274,4410.12.00.10,3,Unworked or not further worked than sanded
275,4410.12.00.20,3,Other
276,4410.19.00,2,Other
277,4410.19.00.10,3,Unworked or not further worked than sanded
278,4410.19.00.20,3,Surface-covered with melamine-impregnated paper
279,4410.19.00.30,3,Surface-covered with decorative laminates of plastic
280,4410.19.00.60,3,Other
281,4410.90.00.00,1,Other
282,4411,0,Fiberboard of wood or other ligneous materials &&  whether or not bonded with resins or other organic substances
283,,1,Medium density fiberboard (MDF)
284,4411.12,2,Of a thickness not exceeding 5 mm
285,4411.12.10.00,3,Not mechanically worked or surface covered
286,,3,Other
287,,4,Tongued &&  grooved or rabbetted continuously along any of its edges && dedicated for use in the construction of walls &&  ceilings or other parts of buildings
288,4411.12.20.00,5,Laminated boards bonded in whole or in part &&  or impregnated &&  with synthetic resins
289,4411.12.30.00,5,Other
290,,4,Other
291,4411.12.60.00,5,Not surface covered (except for oil treatment)
292,4411.12.90,5,Other
293,4411.12.90.10,6,Standard wood molding
294,4411.12.90.90,6,Other
295,4411.13,2,Of a thickness exceeding 5 mm but not exceeding 9 mm
296,4411.13.10.00,3,Not mechanically worked or surface covered
297,,3,Other
298,,4,Tongued &&  grooved or rabbetted continuously along any of its edges && dedicated for use in the construction of walls &&  ceilings or other parts of buildings
299,4411.13.20.00,5,Laminated boards bonded in whole or in part &&  or impregnated &&  with synthetic resins
300,4411.13.30.00,5,Other
301,,4,Other
302,4411.13.60.00,5,Not surface covered (except for oil treatment)
303,4411.13.90,5,Other
304,4411.13.90.10,6,Standard wood molding
305,4411.13.90.90,6,Other
306,4411.14,2,Of a thickness exceeding 9 mm
307,4411.14.10.00,3,Not mechanically worked or surface covered
308,,3,Other
309,,4,Tongued &&  grooved or rabbetted continuously along any of its edges && dedicated for use in the construction of walls &&  ceilings or other parts of buildings
310,4411.14.20.00,5,Laminated boards bonded in whole or in part &&  or impregnated &&  with synthetic resins
311,4411.14.30.00,5,Other
312,,4,Other
313,4411.14.60.00,5,Not surface covered (except for oil treatment)
314,4411.14.90,5,Other
315,4411.14.90.10,6,Standard wood molding
316,4411.14.90.90,6,Other
317,,1,Other
318,4411.92,2,Of a density exceeding 0.8 g/cm<sup>3</sup> 
319,4411.92.10.00,3,Not mechanically worked or surface covered
320,,3,Other
321,4411.92.20.00,4,Not surface covered (except for oil treatment)
322,,4,Other
323,4411.92.30.00,5,Tileboard which has been continuously worked along any of its edges && is dedicated for use in the construction of walls &&  ceilings or other parts of buildings
324,4411.92.40.00,5,Other
325,4411.93,2,Of a density exceeding 0.5 g/cm<sup>3</sup> but not exceeding 0.8 g/cm<sup>3</sup> 
326,4411.93.10.00,3,Not mechanically worked or surface covered
327,,3,Other
328,,4,Tongued &&  grooved or rabbetted continuously along any of its edges && dedicated for use in the construction of walls &&  ceilings or other parts of buildings
329,4411.93.20.00,5,Laminated boards bonded in whole or in part &&  or impregnated &&  with synthetic resins
330,4411.93.30.00,5,Other
331,,4,Other
332,4411.93.60.00,5,Not surface covered (except for oil treatment)
333,4411.93.90,5,Other
334,4411.93.90.10,6,Standard wood molding
335,4411.93.90.90,6,Other
336,4411.94.00,2,Of a density not exceeding 0.5 g/m<sup>3</sup>
337,,3,Of a density exceeding 0.35 g/m3 but not exceeding 0.5 g/m<sup>3</sup>
338,,4,Not mechanically worked or surface covered
339,4411.94.00.10,5,Impregnated with bitumen
340,4411.94.00.20,5,Other
341,,4,Other
342,4411.94.00.30,5,Impregnated with bitumen
343,4411.94.00.40,5,Other
344,,3,Other
345,,4,Not mechanically worked or surface covered
346,4411.94.00.50,5,Impregnated with bitumen
347,4411.94.00.60,5,Other
348,,4,Other
349,4411.94.00.70,5,Impregnated with bitumen
350,4411.94.00.80,5,Other
351,4412,0,Plywood &&  veneered panels && similar laminated wood
352,4412.10,1,Of bamboo
353,4412.10.05.00,2,Plywood
354,4412.10.90.00,2,Other
355,,1,Other plywood consisting solely of sheets of wood (other than bamboo) &&  each ply not exceeding 6 mm in thickness
356,4412.31,2,With at least one outer ply of tropical wood specified in subheading note 2 to this chapter
357,,3,Not surface covered &&  or surface covered with a clear or transparent material which does not obscure the grain &&  texture or markings of the face ply
358,4412.31.05,4,With a face ply of birch (<u>Betula</u> spp.)
359,4412.31.05.20,5,Panels not exceeding in any dimension 3.6 mm in thickness &&  1.2 m in width && 2.2 m in length
360,,5,Other
361,4412.31.05.40,6,Not surface covered
362,4412.31.05.60,6,Other
363,4412.31.25,4,With a face ply of Spanish cedar (<u>Cedrela</u> spp.) or walnut (<u>Juglans</u> spp.)
364,4412.31.25.10,5,With a face ply of Spanish cedar (<u>Cedrela</u> spp.)
365,4412.31.25.20,5,With a face ply of walnut (<u>Juglans</u> spp.)
366,,4,Other
367,4412.31.40,5,With at least one outer ply of the following tropical woods: Dark Red Meranti &&  Light Red Meranti &&  White Lauan &&  Sipo &&  Limba &&  OkoumÃ© &&  Obeche &&  Acajou d'Afrique &&  Sapelli &&  Virola &&  Mahogany &&  Palissandre de Para &&  Palissandre de Rio or Palissandre de Rose
368,4412.31.40.40,6,With a face ply of mahogany (<u>Swietenia</u> spp. or <u>Khaya</u> spp.)
369,,6,Other
370,4412.31.40.50,7,Panels not exceeding in any dimension 3.6 mm in thickness &&  1.2 m in width && 2.2 m in length
371,,7,Other
372,4412.31.40.60,8,Not surface covered
373,,8,Other
374,4412.31.40.75,9,Wood Flooring
375,4412.31.40.80,9,Other
376,4412.31.51,5,Other
377,4412.31.51.25,6,Wood Flooring
378,,6,Other
379,4412.31.51.35,7,With a face ply of sen (<u>Kalopanax</u> spp.)
380,,7,Other
381,4412.31.51.55,8,Panels not exceeding in any dimension 3.6 mm in thickness && 1.2 m in width && 2.2 m in length
382,,8,Other
383,4412.31.51.65,9,Not surface covered
384,4412.31.51.75,9,Other
385,,3,Other
386,4412.31.60.00,4,With at least one outer ply of the following tropical woods: Dark Red Meranti &&  Light Red Meranti &&  White Lauan &&  Sipo &&  Limba &&  OkoumÃ© &&  Obeche &&  Acajou d'Afrique &&  Sapelli &&  Virola &&  Mahogany &&  Palissandre de Para &&  Palissandre de Rio or Palissandre de Rose
387,4412.31.91.00,4,Other
388,4412.32,2,Other &&  with at least one outer ply of nonconiferous wood
389,,3,Not surface covered &&  or surface covered with a clear or transparent material which does not obscure the grain &&  texture or markings of the face ply
390,4412.32.05,4,With a face ply of birch (<u>Betula</u> spp.)
391,4412.32.05.20,5,Panels not exceeding in any dimension 3.6 mm in thickness &&  1.2 m in width && 2.2 m in length.
392,,5,Other
393,4412.32.05.40,6,Not surface covered
394,,6,Other
395,4412.32.05.65,7,Wood flooring
396,4412.32.05.70,7,Other
397,4412.32.25,4,With a face ply of Spanish cedar (<u>Cedrela</u> spp.) or walnut (<u>Juglans </u>spp.<u></u>)
398,4412.32.25.10,5,With a face ply of Spanish cedar (<u>Cedrela</u> spp.)
399,,5,With a face ply of walnut (<u>Juglans</u> spp.)
400,4412.32.25.25,6,Wood flooring.
401,4412.32.25.30,6,Other
402,4412.32.31,4,Other
403,4412.32.31.25,5,Wood flooring.
404,,5,Other
405,4412.32.31.35,6,With a face ply of sen (<u>Kalopanax</u> spp.)
406,4412.32.31.55,6,With a face ply of mahogany <u></u> (<u>Swietenia </u>spp. or <u>Khaya</u> spp.)
407,,6,Other
408,4412.32.31.65,7,Panels not exceeding in any di- mension 3.6 mm in thickness &&  <il>1.2 m</il> in width && 2.2 m in length
409,,7,Other
410,4412.32.31.75,8,Not surface covered
411,4412.32.31.85,8,Other
412,4412.32.56.00,3,Other
413,4412.39,2,Other &&  with both outer plies of coniferous wood
414,,3,Not surface covered &&  or surface covered with a clear or transparent material which does not obscure the grain &&  texture or markings of the face ply
415,4412.39.10.00,4,With a face ply of Parana pine (<u>Araucaria</u> <u>angustifolia</u>)
416,4412.39.30.00,4,With a face ply of European red pine (<u>Pinus</u> <u>silvestris</u>)
417,4412.39.40,4,Other
418,,5,With at least one outer ply of Douglas fir (<u>Pseudotsuga</u> <u>menziesii</u>)
419,4412.39.40.11,6,Rough &&  or touch sanded for sizing purposes &&  but not further processed
420,4412.39.40.12,6,Fully sanded on at least one face &&  but not further processed
421,4412.39.40.19,6,Other
422,,5,With at least one outer ply of long leaf pine (<u>Pinus</u> <u>palustris</u>) &&  short leaf pine (<u>Pinus</u> <u>echinata</u>) &&  southern yellow pine (loblolly pine)(<u>Pinus</u> <u>taeda</u>) &&  slash pine (<u>Pinus</u> <u>elliotti</u>) &&  pitch pine (<u>Pinus</u> <u>rigida</u>) or Virginia pine (<u>Pinus</u> <u>virginiana</u>)
423,4412.39.40.31,6,Rough &&  or touch sanded for sizing purposes &&  but not further processed
424,4412.39.40.32,6,Fully sanded on at least one face &&  but not further processed
425,4412.39.40.39,6,Other
426,,5,With at least one outer ply of <u>Agathis</u> spp.
427,4412.39.40.51,6,Rough &&  or touch sanded for sizing purposes &&  but not further processed
428,4412.39.40.52,6,Fully sanded on at least one face &&  but not further processed
429,4412.39.40.59,6,Other
430,,5,Other
431,4412.39.40.61,6,Rough &&  or touch sanded for sizing purposes &&  but not further processed
432,4412.39.40.62,6,Fully sanded on at least one face &&  but not further processed
433,4412.39.40.69,6,Other
434,4412.39.50,3,Other
435,4412.39.50.10,4,With at least one outer ply of Douglas fir (<u>Pseudotsuga</u> <u>menziesii</u>)
436,4412.39.50.30,4,With at least one outer ply of long leaf pine (<u>Pinus</u> <u>palustris</u>) &&  short leaf pine (<u>Pinus</u> <u>echinata</u>) &&  southern yellow pine (loblolly pine) (<u>Pinus</u> <u>taeda</u>) &&  slash pine (<u>Pinus</u> <u>elliotti</u>) &&  pitch pine (<u>Pinus</u> <u>rigida</u>) or Virginia pine (<u>Pinus</u> <u>virginiana</u>)
437,4412.39.50.50,4,Other
438,,1,Other
439,4412.94,2,Blockboard &&  laminboard && battenboard
440,,3,With at least one outer ply of nonconiferous wood
441,,4,Plywood
442,,5,Not surface covered &&  or surface covered with a clear or transparent material which does not obscure the grain &&  texture or markings of the face ply
443,4412.94.10,6,With a face ply of birch (<u>Betula</u> spp.)<div></div>
444,4412.94.10.30,7,Not surface covered
445,4412.94.10.50,7,Other
446,4412.94.31,6,Other
447,4412.94.31.05,7,Wood flooring
448,,7,Other
449,4412.94.31.11,8,With a face ply of Spanish cedar (<u>Cedrela</u> spp.)
450,4412.94.31.21,8,With a face ply of walnut (<u>Juglans</u> spp.)
451,4412.94.31.41,8,With a face ply of mahogany (<u>Swietenia</u> spp. or <u>Khaya</u> spp.)
452,,8,Other
453,4412.94.31.61,9,Not surface covered
454,4412.94.31.75,9,Other
455,4412.94.41.00,5,Other
456,4412.94.51.00,4,Other
457,,3,Other
458,,4,Plywood
459,,5,Not surface covered &&  or surface covered with a clear or transparent material which does not obscure the grain &&  texture or markings of the face ply
460,4412.94.60.00,6,With a face ply of Parana pine (<u>Araucaria</u> <u>angustifolia</u>)
461,4412.94.70.00,6,With a face ply of European red pine (<u>Pinus silvestris</u>)
462,4412.94.80.00,6,Other
463,4412.94.90.00,5,Other
464,4412.94.95.00,4,Other
465,4412.99,2,Other
466,,3,With at least one outer ply of nonconiferous wood
467,4412.99.06.00,4,Containing at least one layer of particle board
468,,4,Other
469,,5,Plywood
470,,6,Not surface covered &&  or surface covered with a clear or transparent material which does not obscure the grain &&  texture or markings of the face ply
471,4412.99.10,7,With a face ply of birch (<u>Betula</u> spp.)
472,4412.99.10.20,8,Panels not exceeding in any dimension 3.6 mm in thickness &&  1.2 m in width && 2.2 m in length
473,,8,Other
474,4412.99.10.30,9,Not surface covered
475,4412.99.10.40,9,Other
476,4412.99.31,7,Other
477,4412.99.31.10,8,With a face ply of Spanish cedar (<u>Cedrela</u> spp.)
478,4412.99.31.20,8,With a face ply of walnut (<u>Juglans</u> spp.)
479,4412.99.31.30,8,With a face ply of sen (<u>Kalopanax</u> spp.)
480,4412.99.31.40,8,With a face ply of mahogany (<u>Swietenia</u> spp. or <u>Khaya</u> spp.)
481,,8,Other
482,4412.99.31.50,9,Panels not exceeding in any dimension 3.6 mm in thickness &&  1.2 m in width &&  && 2.2 m in length
483,4412.99.31.60,9,Other &&  not surface covered
484,4412.99.31.70,9,Other
485,4412.99.41.00,6,Other
486,4412.99.51,5,Other
487,4412.99.51.05,6,Wood flooring
488,4412.99.51.15,6,Other
489,,3,Other
490,4412.99.57.10,4,Containing at least one layer of particle board
491,,4,Other
492,,5,Plywood
493,,6,Not surface covered &&  or surface covered with a clear or transparent material which does not obscure the grain &&  texture or markings of the face ply
494,4412.99.60.00,7,With a face ply of Parana pine (<u>Araucaria</u> <u>angustifolia</u>)
495,4412.99.70.00,7,With a face ply of European red pine (<u>Pinus silvestris</u>)
496,4412.99.80.00,7,Other
497,4412.99.90.00,6,Other
498,4412.99.95.00,5,Other
499,4413.00.00.00,0,Densified wood &&  in blocks &&  plates &&  strips or profile shapes
500,4414.00.00.00,0,Wooden frames for paintings &&  photographs &&  mirrors or similar objects
501,4415,0,Packing cases &&  boxes &&  crates &&  drums && similar packings &&  of wood; cable-drums &&  of wood; pallets &&  box-pallets && other load boards &&  of wood; pallet collars of wood
502,4415.10,1,Cases &&  boxes &&  crates &&  drums && similar packings; cable-drums
503,4415.10.30.00,2,Packing boxes && cases with solid sides &&  lids && bottoms
504,4415.10.60.00,2,Containers designed for use in the harvesting of fruits && vegetables
505,4415.10.90.00,2,Other
506,4415.20,1,Pallets &&  box-pallets && other load boards; pallet collars
507,4415.20.40.00,2,Containers designed for use in the harvesting of fruits && vegetables
508,4415.20.80.00,2,Other
509,4416.00,0,Casks &&  barrels &&  vats &&  tubs && other coopers' products && parts thereof &&  of wood &&  including staves
510,4416.00.30,1,Casks &&  barrels && hogsheads
511,4416.00.30.10,2,New
512,,2,Used
513,4416.00.30.20,3,Assembled (set up)
514,4416.00.30.30,3,Unassembled (knocked down)
515,4416.00.60,1,Staves && hoops; tight barrelheads of softwood
516,,2,New
517,4416.00.60.10,3,Staves
518,4416.00.60.20,3,Hoops
519,4416.00.60.30,3,Tight barrelheads
520,,2,Used
521,4416.00.60.40,3,Staves
522,4416.00.60.50,3,Other
523,4416.00.90,1,Other
524,4416.00.90.20,2,New
525,4416.00.90.40,2,Used
526,4417.00,0,Tools &&  tool bodies &&  tool handles &&  broom or brush bodies && handles &&  of wood; boot or shoe lasts && trees &&  of wood
527,4417.00.20.00,1,Broom && mop handles &&  1.9 cm or more in diameter && 97 cm or more in length
528,4417.00.40.00,1,Paint brush && paint roller handles
529,4417.00.60.00,1,Brush backs
530,4417.00.80,1,Other
531,4417.00.80.10,2,Tool handles
532,4417.00.80.90,2,Other
533,4418,0,Builders' joinery && carpentry of wood &&  including cellular wood panels && assembled flooring panels; shingles && shakes
534,4418.10.00.00,1,Windows &&  French-windows && their frames
535,4418.20,1,Doors && their frames && thresholds
536,4418.20.40.00,2,French doors
537,4418.20.80,2,Other
538,4418.20.80.30,3,Flush doors
539,4418.20.80.60,3,Other
540,4418.40.00.00,1,Formwork (shuttering) for concrete constructional work
541,4418.50.00,1,Shingles && shakes
542,,2,Shingles
543,4418.50.00.10,3,Of western red cedar
544,4418.50.00.30,3,Other
545,4418.50.00.50,2,Other
546,4418.60.00.00,1,Posts && beams
547,,1,Assembled flooring panels
548,4418.71,2,For mosaic floors
549,4418.71.10.00,3,Solid
550,,3,Other
551,4418.71.20.00,4,Having a face ply more than 6 mm in thickness
552,4418.71.90.00,4,Other
553,4418.72,2,Other &&  multilayer
554,4418.72.20.00,3,Having a face ply more than 6 mm in thickness
555,,3,Other
556,4418.72.91.00,4,Of unidirectional bamboo
557,4418.72.95.00,4,Other
558,4418.79.00.00,2,Other
559,4418.90,1,Other
560,4418.90.25.00,2,Drilled or notched lumber studs
561,4418.90.46,2,Other
562,4418.90.46.05,3,Wood flooring
563,,3,Other
564,4418.90.46.10,4,Arches &&  laminated
565,4418.90.46.20,4,Roof trusses
566,4418.90.46.40,4,Other fabricated structural wood members
567,4418.90.46.50,4,Prefabricated partitions && panels for buildings
568,4418.90.46.95,4,Other
569,4419.00,0,Tableware && kitchenware &&  of wood
570,4419.00.40.00,1,Forks && spoons
571,4419.00.80.00,1,Other
572,4420,0,Wood marquetry && inlaid wood; caskets && cases for jewelry or cutlery && similar articles &&  of wood; statuettes && other ornaments &&  of wood; wooden articles of furniture not falling within chapter 94
573,4420.10.00.00,1,Statuettes && other ornaments &&  of wood
574,4420.90,1,Other
575,,2,Jewelry boxes &&  silverware chests &&  cigar && cigarette boxes &&  microscope cases &&  tool or utensil cases && similar boxes &&  cases && chests &&  all the foregoing of wood
576,4420.90.20.00,3,Cigar && cigarette boxes
577,,3,Other
578,4420.90.45.00,4,Not lined with textile fabrics
579,4420.90.65.00,4,Lined with textile fabrics
580,4420.90.80.00,2,Other
581,4421,0,Other articles of wood
582,4421.10.00.00,1,Clothes hangers
583,4421.90,1,Other
584,,2,Wood dowel pins
585,,3,Plain
586,4421.90.10.00,4,Coniferous
587,4421.90.15.00,4,Other
588,4421.90.20.00,3,Sanded &&  grooved or otherwise advanced in condition
589,,2,Wood blinds &&  shutters &&  screens && shades &&  all the foregoing with or without their hardware
590,4421.90.30.00,3,Consisting of wooden frames in the center of which are fixed louver boards or slats &&  with or without their hardware
591,4421.90.40.00,3,Other
592,,2,Toothpicks &&  skewers &&  candy sticks &&  ice cream sticks &&  tongue depressors &&  drink mixers && similar small wares
593,4421.90.50.00,3,Toothpicks
594,4421.90.60.00,3,Other
595,4421.90.70,2,Pickets &&  palings &&  posts && rails &&  the foregoing which are sawn; assembled fence sections
596,4421.90.70.20,3,Assembled fence sections
597,4421.90.70.40,3,Other
598,,2,Clothespins
599,4421.90.80,3,Spring-type
600,4421.90.80.24,4,Valued not over 80Â¢/gross
601,4421.90.80.27,4,Valued over 80Â¢ but not over $1.35/gross
602,4421.90.80.30,4,Valued over $1.35 but not over $1.70/gross
603,4421.90.80.33,4,Valued over $1.70/gross
604,4421.90.85.00,3,Other
605,4421.90.88.00,2,Canoe paddles
606,,2,Other
607,4421.90.93.00,3,Theatrical &&  ballet &&  && operatic scenery && properties &&  including sets
608,4421.90.94.00,3,Edge-glued lumber
609,4421.90.97,3,Other
610,4421.90.97.20,4,Pencil slats
611,4421.90.97.30,4,Burial caskets
612,4421.90.97.70,4,Gates for confining children or pets
613,4421.90.97.80,4,Other
614,9201,0,Pianos &&  including player pianos; harpsichords && other keyboard stringed instruments
615,9201.10.00,1,Upright pianos
616,9201.10.00.05,2,Used
617,,2,Other
618,9201.10.00.11,3,Containing a case measuring less than 111.76 cm in height
619,9201.10.00.21,3,Containing a case measuring 111.76 cm or more but less than 121.92 cm in height
620,9201.10.00.31,3,Containing a case measuring 121.92 cm or more but less than 129.54 cm in height
621,9201.10.00.41,3,Containing a case measuring 129.54 cm or more in height
622,9201.20.00,1,Grand pianos
623,9201.20.00.05,2,Used
624,,2,Other
625,9201.20.00.11,3,Containing a case measuring less than 152.40 cm in length
626,9201.20.00.21,3,Containing a case measuring 152.40 cm or more but less than 167.64 cm in length
627,9201.20.00.31,3,Containing a case measuring 167.64 cm or more but less than 180.34 cm in length
628,9201.20.00.41,3,Containing a case measuring 180.34 cm or more but less than 195.58 cm in length
629,9201.20.00.51,3,Containing a case measuring 195.58 cm or more in length
630,9201.90.00.00,1,Other
631,9202,0,Other string musical instruments (for example &&  guitars &&  violins &&  harps)
632,9202.10.00.00,1,Played with a bow
633,9202.90,1,Other
634,,2,Guitars
635,9202.90.20.00,3,Valued not over $100 each &&  excluding the value of the case
636,9202.90.40.00,3,Other
637,9202.90.60.00,2,Other
638,9205,0,Wind musical instruments (for example &&  keyboard pipe organs &&  accordions &&  clarinets &&  trumpets &&  bagpipes) &&  other than fairground organs && mechanical street organs
639,9205.10.00,1,Brass-wind instruments
640,9205.10.00.40,2,Valued not over $10 each
641,9205.10.00.80,2,Valued over $10 each
642,9205.90,1,Other
643,,2,Keyboard pipe organs; harmoniums && similar keyboard instruments with free metal reeds
644,9205.90.12.00,3,Keyboard pipe organs
645,9205.90.14.00,3,Other
646,,2,Accordions && similar instruments; mouth organs
647,,3,Accordions && similar instruments
648,9205.90.15.00,4,Piano accordions
649,9205.90.18.00,4,Other
650,9205.90.19.00,3,Mouth organs
651,,2,Woodwind instruments
652,9205.90.20.00,3,Bagpipes
653,9205.90.40,3,Other
654,9205.90.40.20,4,Clarinets
655,9205.90.40.40,4,Saxophones
656,9205.90.40.60,4,Flutes && piccolos (except bamboo)
657,9205.90.40.80,4,Other
658,9205.90.60.00,2,Other
659,9206.00,0,Percussion musical instruments (for example &&  drums &&  xylophones &&  cymbals &&  castanets &&  maracas)
660,9206.00.20.00,1,Drums
661,9206.00.40.00,1,Cymbals
662,9206.00.60.00,1,Sets of tuned bells known as chimes &&  peals or carillons
663,9206.00.80.00,1,Other
664,9207,0,Musical instruments &&  the sound of which is produced &&  or must be amplified &&  electrically (for example &&  organs &&  guitars &&  accordions)
665,9207.10.00,1,Keyboard instruments &&  other than accordions
666,,2,Music synthesizers
667,9207.10.00.05,3,Valued under $100 each
668,9207.10.00.10,3,Valued $100 or over each
669,,2,Other
670,,3,With more than one keyboard
671,9207.10.00.45,4,Valued under $200 each
672,9207.10.00.55,4,Valued $200 or over each
673,,3,With one keyboard
674,9207.10.00.60,4,Hand-held
675,,4,Other
676,9207.10.00.65,5,Valued under $100 each
677,9207.10.00.75,5,Valued $100 or over each
678,9207.90.00,1,Other
679,9207.90.00.40,2,Fretted stringed instruments
680,9207.90.00.80,2,Other
681,9208,0,Music boxes &&  fairground organs &&  mechanical street organs &&  mechanical singing birds &&  musical saws && other musical instruments not falling within any other heading of this chapter; decoy calls of all kinds; whistles &&  call horns && other mouth-blown sound signaling instruments
682,9208.10.00.00,1,Music boxes
683,9208.90.00,1,Other
684,9208.90.00.40,2,Musical instruments
685,9208.90.00.80,2,Other
686,9209,0,Parts (for example &&  mechanisms for music boxes) && accessories (for example &&  cards &&  discs && rolls for mechanical instruments) of musical instruments; metronomes &&  tuning forks && pitch pipes of all kinds
687,9209.30.00.00,1,Musical instrument strings
688,,1,Other
689,9209.91,2,Parts && accessories for pianos
690,9209.91.40.00,3,Tuning pins
691,9209.91.80.00,3,Other
692,9209.92,2,Parts && accessories for the musical instruments of heading 9202
693,9209.92.20.00,3,Mutes &&  collapsible musical instrument stands && music holders for attachment to musical instruments
694,9209.92.40.00,3,Tuning pins
695,9209.92.60.00,3,Bows &&  parts of bows &&  bow hair &&  chin rests && other parts && accessories for string instruments played with a bow
696,9209.92.80.00,3,Other
697,9209.94,2,Parts && accessories for the musical instruments of heading 9207
698,9209.94.40.00,3,Collapsible musical instrument stands
699,9209.94.80.00,3,Other
700,9209.99,2,Other
701,9209.99.05.00,3,Metronomes &&  tuning forks && pitch pipes
702,9209.99.10.00,3,Mutes for musical instruments; pedals &&  dampers && spurs for drums; pedals && holders for cymbals; lyres && other music holders for attachment to musical instruments; && collapsible stands for holding music or for holding musical instruments
703,,3,Other
704,9209.99.16.00,4,For pipe organs of subheading 9205.90.12
705,9209.99.18.00,4,For instruments of subheading 9205.90.14
706,9209.99.20.00,4,For bagpipes
707,9209.99.40,4,For other woodwind && brass wind musical instruments
708,9209.99.40.40,5,For woodwind musical instruments
709,9209.99.40.80,5,Other
710,9209.99.61.00,4,For music boxes
711,9209.99.80.00,4,Other
712,9301,0,Military weapons &&  other than revolvers &&  pistols && the arms of heading 9307
713,9301.10.00,1,Artillery weapons (for example &&  guns &&  howitzers && mortars)
714,9301.10.00.10,2,Self propelled
715,9301.10.00.80,2,Other
716,9301.20.00.00,1,Rocket launchers; flame-throwers; grenade launchers; torpedo tubes && similar projectors
717,9301.90,1,Other
718,9301.90.30,2,Rifles
719,9301.90.30.10,3,Telescopic sights imported with rifles
720,9301.90.30.20,3,Rifles
721,9301.90.60.00,2,Shotguns
722,9301.90.90,2,Other
723,9301.90.90.30,3,Machine guns
724,9301.90.90.90,3,Other
725,9302.00.00,0,Revolvers && pistols &&  other than those of heading 9303 or 9304
726,9302.00.00.20,1,Revolvers
727,9302.00.00.40,1,Semiautomatic pistols
728,9302.00.00.90,1,Other
729,9303,0,Other firearms && similar devices which operate by the firing of an explosive charge (for example &&  sporting shot- guns && rifles &&  muzzle-loading firearms &&  Very pistols && other devices designed to project only signal flares &&  pistols && revolvers for firing blank ammunition &&  captive-bolt humane killers &&  line-throwing guns)
730,9303.10.00.00,1,Muzzle-loading firearms
731,9303.20.00,1,Other sporting &&  hunting or target-shooting shotguns &&  including combination shotgun-rifles
732,,2,Shotguns
733,9303.20.00.20,3,Autoloading
734,9303.20.00.30,3,Pump action
735,9303.20.00.40,3,Over && under
736,9303.20.00.65,3,Other
737,9303.20.00.80,2,Combination shotgun-rifles
738,9303.30,1,Other sporting &&  hunting or target-shooting rifles
739,9303.30.40,2,Valued over $25 but not over $50 each
740,9303.30.40.10,3,Telescopic sights imported with rifles
741,,3,Rifles
742,9303.30.40.20,4,Centerfire
743,9303.30.40.30,4,Rimfire
744,9303.30.80,2,Other
745,9303.30.80.05,3,Telescopic sights imported with rifles
746,,3,Rifles
747,,4,Centerfire
748,9303.30.80.10,5,Autoloading
749,,5,Bolt action
750,9303.30.80.12,6,Single shot
751,9303.30.80.17,6,Other
752,9303.30.80.25,5,Other
753,9303.30.80.30,4,Rimfire
754,9303.90,1,Other
755,9303.90.40.00,2,Pistols && revolvers designed to fire only blank cartridges or blank ammunition
756,9303.90.80.00,2,Other
757,9304.00,0,Other arms (for example &&  spring &&  air or gas guns && pistols &&  truncheons) &&  excluding those of heading 9307
758,,1,Pistols &&  rifles && other guns which eject missiles by release of compressed air or gas &&  or by the release of a spring mechanism or rubber held under tension
759,9304.00.20.00,2,Rifles
760,9304.00.40.00,2,Other
761,9304.00.60.00,1,Other
762,9305,0,Parts && accessories of articles of headings 9301 to 9304
763,9305.10,1,Of revolvers or pistols
764,9305.10.20,2,Of heading 9302
765,9305.10.20.10,3,Frames && receivers
766,9305.10.20.80,3,Other
767,,2,Other
768,9305.10.40.00,3,Of revolvers or pistols designed to fire only blank cartridges or blank ammunition
769,9305.10.60.00,3,Of muzzle-loading revolvers && pistols
770,9305.10.80.00,3,Other
771,9305.20,1,Of shotguns or rifles of heading 9303
772,9305.20.05.00,2,Rifle stocks
773,9305.20.80,2,Other
774,,3,Shotgun barrels
775,9305.20.80.04,4,Of muzzle-loading shotguns
776,9305.20.80.08,4,Other
777,9305.20.80.20,3,Other parts of muzzle-loading shotguns or rifles
778,,3,Other
779,,4,Of shotguns &&  including shotgun-rifle combinations
780,9305.20.80.31,5,Stocks
781,9305.20.80.33,5,Other
782,9305.20.80.60,4,Of rifles
783,,1,Other
784,9305.91,2,Of military weapons of heading 9301
785,9305.91.10.00,3,Of rifles
786,9305.91.20.00,3,Of shotguns
787,9305.91.30,3,Other
788,9305.91.30.10,4,Of artillery weapons of 9301.10
789,9305.91.30.30,4,Other
790,9305.99,2,Other
791,9305.99.40.00,3,Of articles of heading 9303 other than shotguns or rifles
792,9305.99.50,3,Of articles of subheading 9304.00.20 or 9304.00.40
793,9305.99.50.10,4,Parts && accessories of paintball markers
794,9305.99.50.50,4,Other
795,9305.99.60.00,3,Other
796,9306,0,Bombs &&  grenades &&  torpedoes &&  mines &&  missiles && similar munitions of war && parts thereof; cartridges && other ammunition && projectiles && parts thereof &&  including shot && cartridgewads
797,,1,Shotgun cartridges && parts thereof; air gun pellets
798,9306.21.00.00,2,Cartridges
799,9306.29.00.00,2,Other
800,9306.30,1,Other cartridges && parts thereof
801,9306.30.41,2,Cartridges && empty cartridge shells
802,,3,Cartridges containing a projectile
803,,4,For rifles or pistols
804,9306.30.41.10,5,.22 caliber
805,9306.30.41.20,5,Other
806,9306.30.41.30,4,Other
807,9306.30.41.38,3,Cartridges for riveting or similar tools or for captive-bolt humane killers && parts thereof
808,,3,Empty cartridge shells
809,9306.30.41.40,4,For rifles or pistols
810,9306.30.41.50,4,Other
811,9306.30.41.60,3,Other
812,9306.30.80.00,2,Other
813,9306.90.00,1,Other
814,9306.90.00.20,2,Guided missiles
815,,2,Bombs &&  grenades &&  torpedoes &&  mines && similar munitions of war; other ammunition && projectiles
816,9306.90.00.41,3,Paintballs
817,9306.90.00.50,3,Other
818,9306.90.00.60,2,Parts for guided missiles
819,9306.90.00.80,2,Parts for bombs &&  grenades &&  torpedoes &&  mines && similar munitions of war; parts of other ammunition && projectiles
820,9307.00.00.00,0,Swords &&  cutlasses &&  bayonets &&  lances && similar arms && parts thereof && scabbards && sheaths therefor
821,9401,0,Seats (other than those of heading 9402) &&  whether or not convertible into beds &&  && parts thereof
822,9401.10,1,Seats of a kind used for aircraft
823,9401.10.40.00,2,Leather upholstered
824,9401.10.80.00,2,Other
825,9401.20.00.00,1,Seats of a kind used for motor vehicles
826,9401.30,1,Swivel seats with variable height adjustment
827,9401.30.40.00,2,With wooden frame
828,9401.30.80,2,Other
829,9401.30.80.10,3,Household
830,9401.30.80.30,3,Other
831,9401.40.00.00,1,Seats other than garden seats or camping equipment &&  convertible into beds
832,,1,Seats of cane &&  osier &&  bamboo or similar materials
833,9401.51.00.00,2,Of bamboo or rattan
834,9401.59.00.00,2,Other
835,,1,Other seats &&  with wooden frames
836,9401.61,2,Upholstered
837,,3,Chairs
838,9401.61.20,4,Of teak
839,9401.61.20.10,5,Household
840,9401.61.20.30,5,Other
841,9401.61.40,4,Other
842,9401.61.40.01,5,Chairs for children &&  including highchairs
843,9401.61.40.11,5,Other household
844,9401.61.40.31,5,Other
845,9401.61.60,3,Other
846,9401.61.60.01,4,Stationary activity centers for children
847,9401.61.60.05,4,Other seats for children
848,9401.61.60.11,4,Other household
849,9401.61.60.31,4,Other
850,9401.69,2,Other
851,9401.69.20,3,Bent-wood seats
852,9401.69.20.10,4,Household
853,9401.69.20.30,4,Other
854,,3,Other
855,,4,Chairs
856,9401.69.40,5,Of teak
857,9401.69.40.10,6,Household
858,9401.69.40.30,6,Other
859,9401.69.60,5,Other
860,9401.69.60.01,6,Chairs for children including highchairs
861,9401.69.60.11,6,Other household
862,9401.69.60.31,6,Other.
863,9401.69.80,4,Other
864,9401.69.80.01,5,Stationary activity centers for children
865,9401.69.80.05,5,Other seats for children
866,9401.69.80.11,5,Other household
867,9401.69.80.31,5,Other
868,,1,Other seats &&  with metal frames
869,9401.71.00,2,Upholstered
870,9401.71.00.01,3,Highchairs && booster seats
871,9401.71.00.05,3,Infant walkers
872,9401.71.00.06,3,Bouncers with seats
873,9401.71.00.07,3,Swings for children
874,9401.71.00.08,3,Stationary activity centers for children
875,9401.71.00.11,3,Other household
876,9401.71.00.31,3,Other
877,9401.79.00,2,Other
878,9401.79.00.01,3,Highchairs && booster seats
879,9401.79.00.02,3,Infant walkers
880,9401.79.00.03,3,Bouncers with seats
881,9401.79.00.04,3,Swings for children
882,9401.79.00.06,3,Stationary activity centers for children
883,,3,Other
884,,4,Outdoor
885,,5,With textile covered cushions or textile seating or backing material
886,9401.79.00.11,6,Household
887,9401.79.00.15,6,Other
888,,5,Other
889,9401.79.00.25,6,Household
890,9401.79.00.35,6,Other
891,,4,Other
892,9401.79.00.46,5,Household
893,9401.79.00.50,5,Other
894,9401.80,1,Other seats
895,,2,Of rubber or plastics
896,9401.80.20,3,Of reinforced or laminated plastics
897,9401.80.20.01,4,ChildrenÊ¼s highchairs && booster seats except for motor vehicle; bath seats &&  infant walkers &&  bouncers with seats &&  swings for children
898,9401.80.20.05,4,Stationary activity centers for children
899,9401.80.20.11,4,Other household
900,9401.80.20.31,4,Other
901,9401.80.40,3,Other
902,9401.80.40.01,4,ChildrenÊ¼s highchairs && booster seats except for motor vehicle; bath seats &&  infant walkers &&  bouncers with seats &&  swings for children
903,9401.80.40.04,4,Stationary activity centers for children
904,,4,Other
905,,5,Outdoor
906,,6,With textile covered cushions or textile seating or backing material
907,9401.80.40.06,7,Household
908,9401.80.40.15,7,Other
909,,6,Other
910,9401.80.40.26,7,Household
911,9401.80.40.35,7,Other
912,9401.80.40.46,5,Other
913,9401.80.60,2,Other
914,,3,Child safety seats
915,9401.80.60.21,4,With detachable hard-shell seat
916,9401.80.60.23,4,Other
917,9401.80.60.24,3,Stationary activity centers for children
918,9401.80.60.25,3,Other seats for children
919,9401.80.60.28,3,Other household
920,9401.80.60.30,3,Other
921,9401.90,1,Parts
922,9401.90.10,2,Of seats of a kind used for motor vehicles
923,9401.90.10.10,3,Of leather &&  cut to shape
924,9401.90.10.20,3,Of textile material &&  cut to shape
925,9401.90.10.85,3,Other
926,9401.90.15.00,2,Of bent-wood seats
927,,2,Other
928,9401.90.25,3,Of cane &&  osier &&  bamboo or similar materials
929,9401.90.25.40,4,Of rattan
930,9401.90.25.80,4,Other
931,9401.90.35,3,Of rubber or plastics
932,9401.90.35.10,4,For childrenÊ¼s highchairs &&  booster seats except for motor vehicle && similar seats
933,9401.90.35.80,4,Other
934,9401.90.40,3,Of wood
935,9401.90.40.10,4,For childrenÊ¼s highchairs &&  booster seats &&  && similar seats
936,9401.90.40.80,4,Other
937,9401.90.50,3,Other
938,9401.90.50.05,4,For childrenÊ¼s highchairs &&  booster seats &&  && similar seats
939,9401.90.50.21,4,Other of textile material &&  cut to shape
940,9401.90.50.81,4,Other
941,9402,0,Medical &&  surgical &&  dental or veterinary furniture (for example &&  operating tables &&  examination tables &&  hospital beds with mechanical fittings &&  dentists' chairs); barbers' chairs && similar chairs &&  having rotating as well as both reclining && elevating movements; parts of the foregoing articles
942,9402.10.00.00,1,Dentists' &&  barbers' or similar chairs && parts thereof
943,9402.90.00,1,Other
944,9402.90.00.10,2,Hospital beds
945,9402.90.00.20,2,Other
946,9403,0,Other furniture && parts thereof
947,9403.10.00,1,Metal furniture of a kind used in offices
948,9403.10.00.20,2,Filing cabinets
949,9403.10.00.40,2,Other
950,9403.20.00,1,Other metal furniture
951,,2,Household
952,9403.20.00.11,3,Floor-standing &&  metal-top ironing boards
953,,3,Other
954,9403.20.00.16,4,Cribs
955,9403.20.00.17,4,Toddler beds &&  bassinets &&  cradles &&  play yards && other enclosures for confining children
956,9403.20.00.18,4,Other
957,,2,Other
958,,3,Counters &&  lockers &&  racks &&  display cases &&  shelves &&  partitions && similar fixtures
959,9403.20.00.25,4,Boltless or press-fit steel shelving units prepackaged for sale as described in statistical note 3 to this chapter
960,9403.20.00.26,4,Other
961,9403.20.00.30,3,Other
962,9403.30,1,Wooden furniture of a kind used in offices
963,9403.30.40.00,2,Bent-wood furniture
964,9403.30.80.00,2,Other
965,9403.40,1,Wooden furniture of a kind used in the kitchen
966,9403.40.40.00,2,Bent-wood furniture
967,,2,Other
968,9403.40.60.00,3,Designed for motor vehicle use
969,9403.40.90,3,Other
970,9403.40.90.40,4,Dining tables
971,9403.40.90.60,4,Cabinets designed for permanent installation
972,9403.40.90.80,4,Other
973,9403.50,1,Wooden furniture of a kind used in the bedroom
974,9403.50.40.00,2,Bent-wood furniture
975,,2,Other
976,9403.50.60.00,3,Designed for motor vehicle use
977,9403.50.90,3,Other
978,,4,Beds
979,9403.50.90.41,5,Cribs
980,9403.50.90.42,5,Toddler beds &&  bassinets &&  && cradles
981,9403.50.90.45,5,Other
982,9403.50.90.80,4,Other
983,9403.60,1,Other wooden furniture
984,9403.60.40.00,2,Bent-wood furniture
985,9403.60.80,2,Other
986,9403.60.80.10,3,Play yards && other enclosures for confining children
987,9403.60.80.40,3,Dining tables
988,9403.60.80.81,3,Other
989,9403.70,1,Furniture of plastics
990,9403.70.40,2,Of reinforced or laminated plastics
991,9403.70.40.01,3,Cribs
992,9403.70.40.02,3,Toddler beds &&  bassinets && cradles
993,9403.70.40.03,3,Play yards && other enclosures for confining children
994,9403.70.40.15,3,Other household
995,9403.70.40.20,3,Office
996,9403.70.40.31,3,Other
997,9403.70.80,2,Other
998,9403.70.80.01,3,Cribs
999,9403.70.80.02,3,Toddler beds &&  bassinets && cradles
1000,9403.70.80.03,3,Play yards && other enclosures for confining children
1001,9403.70.80.15,3,Other household
1002,9403.70.80.20,3,Office
1003,9403.70.80.31,3,Other
1004,,1,Furniture of other materials &&  including cane &&  osier &&  bamboo or similar materials
1005,9403.81.00,2,Of bamboo or rattan
1006,9403.81.00.01,3,Cribs
1007,9403.81.00.02,3,Toddler beds &&  bassinets &&  && cradles; play yards && other enclosures for confining children
1008,9403.81.00.15,3,Other household
1009,9403.81.00.30,3,Other
1010,9403.89,2,Other
1011,9403.89.30,3,Of cane &&  osier or similar materials
1012,9403.89.30.10,4,Household
1013,9403.89.30.20,4,Other
1014,9403.89.60,3,Other
1015,9403.89.60.03,4,Cribs &&  toddler beds &&  bassinets &&  && cradles; play yards && other enclosures for confining children
1016,9403.89.60.15,4,Other household
1017,9403.89.60.20,4,Other
1018,9403.90,1,Parts
1019,9403.90.10,2,Of furniture of a kind used for motor vehicles
1020,9403.90.10.40,3,Of metal
1021,9403.90.10.50,3,Of textile material &&  cut to shape
1022,9403.90.10.85,3,Other
1023,,2,Other
1024,9403.90.25,3,Of cane &&  osier &&  bamboo or similar materials
1025,9403.90.25.40,4,Of rattan
1026,9403.90.25.80,4,Other
1027,,3,Of rubber or plastics
1028,9403.90.40,4,Of reinforced or laminated plastics
1029,9403.90.40.05,5,For toddler beds &&  cribs &&  bassinets && cradles
1030,9403.90.40.10,5,For play yards && other enclosures for confining children
1031,9403.90.40.60,5,Other
1032,9403.90.50,4,Other
1033,9403.90.50.05,5,For toddler beds &&  cribs &&  bassinets && cradles
1034,9403.90.50.10,5,For play yards && other enclosures for confining children
1035,9403.90.50.80,5,Other
1036,9403.90.60,3,Of textile material &&  except cotton
1037,9403.90.60.05,4,For toddler beds &&  cribs &&  bassinets && cradles
1038,9403.90.60.10,4,For play yards && other enclosures for confining children
1039,9403.90.60.80,4,Other
1040,9403.90.70,3,Of wood
1041,9403.90.70.05,4,For toddler beds &&  cribs &&  bassinets && cradles
1042,9403.90.70.10,4,For play yards && other enclosures for confining children
1043,9403.90.70.80,4,Other
1044,9403.90.80,3,Other
1045,9403.90.80.10,4,For toddler beds &&  cribs &&  bassinets && cradles
1046,9403.90.80.15,4,For play yards && other enclosures for children
1047,,4,Other
1048,,5,Of metal
1049,9403.90.80.20,6,Welded wire rack decking &&  whether or not galvanized &&  plated or coated
1050,9403.90.80.41,6,Other
1051,9403.90.80.51,5,Of cotton &&  cut to shape
1052,9403.90.80.61,5,Other
1053,9404,0,Mattress supports; articles of bedding && similar furnishing (for example &&  mattresses &&  quilts &&  eiderdowns &&  cushions &&  pouffes && pillows) fitted with springs or stuffed or internally fitted with any material or of cellular rubber or plastics &&  whether or not covered
1054,9404.10.00.00,1,Mattress supports
1055,,1,Mattresses
1056,9404.21.00,2,Of cellular rubber or plastics &&  whether or not covered
1057,9404.21.00.10,3,For use in a crib or toddler bed
1058,9404.21.00.13,3,Of a width exceeding 91 cm &&  of a length exceeding 184 cm &&  && a depth exceeding 8 cm
1059,9404.21.00.95,3,Other
1060,9404.29,2,Of other materials
1061,9404.29.10,3,Of cotton
1062,9404.29.10.05,4,For use in a crib or toddler bed
1063,9404.29.10.13,4,Of a width exceeding 91 cm &&  of a length exceeding 184 cm &&  && a depth exceeding 8 cm
1064,9404.29.10.95,4,Other
1065,9404.29.90,3,Other
1066,,4,Uncovered innerspring units
1067,9404.29.90.05,5,For use in a crib or toddler bed
1068,9404.29.90.13,5,Of a width exceeding 91 cm &&  of a length exceeding 184 cm &&  && of a depth exceeding 8 cm
1069,9404.29.90.50,5,Other
1070,,4,Other
1071,9404.29.90.85,5,For use in a crib or toddler bed
1072,9404.29.90.87,5,Of a width exceeding 91 cm &&  of a length exceeding 184 cm &&  && a depth exceeding 8 cm
1073,9404.29.90.95,5,Other
1074,9404.30,1,Sleeping bags
1075,9404.30.40.00,2,Containing 20 percent or more by weight of feathers and/or down
1076,9404.30.80.00,2,Other
1077,9404.90,1,Other
1078,,2,Pillows &&  cushions && similar furnishings
1079,9404.90.10.00,3,Of cotton (369)
1080,9404.90.20.00,3,Other
1081,,2,Other
1082,9404.90.80,3,Of cotton &&  not containing any embroidery &&  lace &&  braid &&  edging &&  trimming &&  piping exceeding 6.35 mm or applique work
1083,9404.90.80.20,4,Quilts &&  eiderdowns &&  comforters && similar articles (362)
1084,9404.90.80.40,4,Other (369)
1085,,3,Other
1086,9404.90.85,4,Quilts &&  eiderdowns &&  comforters && similar articles
1087,9404.90.85.05,5,With outer shell of cotton (362)
1088,9404.90.85.22,5,With outer shell of man-made fibers (666)
1089,,5,With outer shell of other textile materials
1090,9404.90.85.23,6,Containing 85 percent or more by weight of silk or silk waste
1091,9404.90.85.36,6,Other (899)
1092,9404.90.95,4,Other
1093,9404.90.95.05,5,With outer shell of cotton (369)
1094,9404.90.95.22,5,With outer shell of man-made fibers (666)
1095,,5,With outer shell of other textile materials
1096,9404.90.95.23,6,Containing 85 percent or more by weight of silk or silk waste
1097,9404.90.95.36,6,Other (899)
1098,9404.90.95.70,5,Other
1099,9405,0,Lamps && lighting fittings including searchlights && spotlights && parts thereof &&  not elsewhere specified or included; illuminated signs &&  illuminated nameplates && the like &&  having a permanently fixed light source &&  && parts thereof not elsewhere specified or included
1100,9405.10,1,Chandeliers && other electric ceiling or wall lighting fittings &&  excluding those of a kind used for lighting public open spaces or thoroughfares
1101,,2,Of base metal
1102,9405.10.40,3,Of brass
1103,9405.10.40.10,4,Household
1104,9405.10.40.20,4,Other
1105,9405.10.60,3,Other
1106,9405.10.60.10,4,Household
1107,9405.10.60.20,4,Other
1108,9405.10.80,2,Other
1109,9405.10.80.10,3,Household
1110,9405.10.80.20,3,Other
1111,9405.20,1,Electric table &&  desk &&  bedside or floor-standing lamps
1112,,2,Of base metal
1113,9405.20.40,3,Of brass
1114,9405.20.40.10,4,Household
1115,9405.20.40.20,4,Other
1116,9405.20.60,3,Other
1117,9405.20.60.10,4,Household
1118,9405.20.60.20,4,Other
1119,9405.20.80,2,Other
1120,9405.20.80.10,3,Household
1121,9405.20.80.20,3,Other
1122,9405.30.00,1,Lighting sets of a kind used for Christmas trees
1123,9405.30.00.10,2,Miniature series wired sets
1124,9405.30.00.40,2,Other
1125,9405.40,1,Other electric lamps && lighting fittings
1126,,2,Of base metal
1127,9405.40.40.00,3,Of brass
1128,9405.40.60.00,3,Other
1129,9405.40.80.00,2,Other
1130,9405.50,1,Non-electrical lamps && lighting fittings
1131,9405.50.20.00,2,Incandescent lamps designed to be operated by propane or other gas &&  or by compressed air && kerosene or gasoline
1132,,2,Other
1133,9405.50.30.00,3,Of brass
1134,9405.50.40.00,3,Other
1135,9405.60,1,Illuminated signs &&  illuminated nameplates && the like
1136,,2,Of base metal
1137,9405.60.20.00,3,Of brass
1138,9405.60.40.00,3,Other
1139,9405.60.60.00,2,Other
1140,,1,Parts
1141,9405.91,2,Of glass
1142,,3,Globes && shades
1143,9405.91.10.00,4,Of lead crystal
1144,9405.91.30.00,4,Other
1145,9405.91.40.00,3,Chimneys
1146,9405.91.60,3,Other
1147,9405.91.60.40,4,Prisms && other glass articles of a kind used in chandeliers && wall brackets &&  && articles thereof
1148,9405.91.60.80,4,Other
1149,9405.92.00.00,2,Of plastics
1150,9405.99,2,Other
1151,9405.99.20.00,3,Of brass
1152,9405.99.40,3,Other
1153,9405.99.40.10,4,Lampposts && bases for lampposts &&  of cast iron
1154,9405.99.40.20,4,Lampposts && bases for lampposts &&  of aluminum
1155,9405.99.40.90,4,Other
1156,9406.00,0,Prefabricated buildings
1157,9406.00.40.00,1,Of wood
1158,9406.00.80,1,Other
1159,,2,Of metal
1160,,3,Greenhouses
1161,9406.00.80.10,4,Commercial
1162,9406.00.80.20,4,Other
1163,9406.00.80.30,3,Other
1164,,2,Other
1165,9406.00.80.50,3,Animal sheds of plastic
1166,9406.00.80.90,3,Other
1167,9503.00.00,0,Tricycles &&  scooters &&  pedal cars && similar wheeled toys; dollsÊ¼ carriages; dolls &&  other toys; reduced-scale (âscaleË®) models && similar recreational models &&  working or not; puzzles of all kinds; parts && accessories thereof
1168,,1,âChildrenÊ¼s productsË® as defined in 15 U.S.C. Â§ 2052
1169,,2,Inflatable toy balls &&  balloons && punchballs &&  of rubber
1170,,3,Labeled or determined by importer as intended for use by persons
1171,9503.00.00.11,4,Under 3 years of age
1172,9503.00.00.13,4,3 to 12 years of age
1173,,2,Other
1174,,3,Labeled or determined by importer as intended for use by persons
1175,9503.00.00.71,4,Under 3 years of age
1176,9503.00.00.73,4,3 to 12 years of age
1177,9503.00.00.90,1,Other
1178,9504,0,Video game consoles && machines &&  articles for arcade &&  table or parlor games &&  including pinball machines &&  bagatelle &&  billiards && special tables for casino games; automatic bowling alley equipment; parts && accessories thereof
1179,9504.20,1,Articles && accessories for billiards of all kinds
1180,9504.20.20.00,2,Balls
1181,9504.20.40.00,2,Chalk
1182,9504.20.60.00,2,Tables
1183,9504.20.80.00,2,Other &&  including parts && accessories
1184,9504.30.00,1,Other games &&  operated by coins &&  banknotes &&  bank cards &&  tokens or by any other means of payment &&  other than automatic bowling alley equipment; parts && accessories thereof
1185,9504.30.00.10,2,Video
1186,,2,Other
1187,,3,Games
1188,9504.30.00.20,4,Pinball machines && bell-type machines && consoles
1189,9504.30.00.40,4,Other
1190,9504.30.00.60,3,Parts && accessories
1191,9504.40.00.00,1,Playing cards
1192,9504.50.00.00,1,Video game consoles && machines &&  other than those of subheading 9504.30 &&  && parts && accessories thereof
1193,9504.90,1,Other
1194,9504.90.40.00,2,Game machines &&  other than those operated by coins &&  banknotes (paper currency) &&  discs or similar articles; parts && accessories thereof
1195,,2,Other
1196,9504.90.60.00,3,Chess &&  checkers &&  parchisi &&  backgammon &&  darts && other games played on boards of a special design &&  all the foregoing games && parts there of (including their boards); mah-jong && dominoes; any of the foregoing games in combination with each other &&  or with other games &&  packaged together as a unit in immediate containers of a type used in retail sales; poker chips && dice
1197,9504.90.90,3,Other
1198,9504.90.90.40,4,Bowling balls
1199,9504.90.90.60,4,Bowling equipment && parts && accessories thereof
1200,9504.90.90.80,4,Other
1201,9505,0,Festive &&  carnival or other entertainment articles &&  including magic tricks && practical joke articles; parts && accessories thereof
1202,9505.10,1,Articles for Christmas festivities && parts && accessories thereof
1203,,2,Christmas ornaments
1204,9505.10.10.00,3,Of glass
1205,,3,Other
1206,9505.10.15.00,4,Of wood
1207,9505.10.25.00,4,Other
1208,9505.10.30.00,2,Nativity scenes && figures thereof
1209,,2,Other
1210,9505.10.40,3,Of plastics
1211,9505.10.40.10,4,Artificial Christmas trees
1212,9505.10.40.20,4,Other
1213,9505.10.50,3,Other
1214,9505.10.50.10,4,Artificial Christmas trees
1215,9505.10.50.20,4,Other
1216,9505.90,1,Other
1217,9505.90.20.00,2,Magic tricks && practical joke articles; parts && accessories thereof
1218,9505.90.40.00,2,Confetti &&  paper spirals or streamers &&  party favors && noisemakers; parts && accessories thereof
1219,9505.90.60.00,2,Other
1220,9506,0,Articles && equipment for general physical exercise &&  gymnastics &&  athletics &&  other sports (including table-tennis) or outdoor games &&  not specified or included elsewhere in this chapter; swimming pools && wading pools; parts && accessories thereof
1221,,1,Snow-skis && other snow-ski equipment; parts && accessories thereof
1222,9506.11,2,Skis && parts && accessories thereof &&  except ski poles
1223,9506.11.20.00,3,Cross-country skis
1224,9506.11.40,3,Other skis
1225,9506.11.40.10,4,Snowboards
1226,9506.11.40.80,4,Other
1227,9506.11.60.00,3,Parts && accessories
1228,9506.12,2,Ski bindings && parts && accessories thereof
1229,9506.12.40.00,3,Cross-country
1230,9506.12.80.00,3,Other
1231,9506.19,2,Other
1232,9506.19.40.00,3,Cross-country
1233,9506.19.80,3,Other
1234,9506.19.80.40,4,Ski poles && parts && accessories thereof
1235,9506.19.80.80,4,Other
1236,,1,Water skis &&  surf boards &&  sailboards && other water- sport equipment; parts && accessories thereof
1237,9506.21,2,Sailboards && parts && accessories thereof
1238,9506.21.40.00,3,Sailboards
1239,9506.21.80.00,3,Parts && accessories
1240,9506.29.00,2,Other
1241,9506.29.00.20,3,Water skis
1242,9506.29.00.30,3,Surf boards
1243,9506.29.00.80,3,Other
1244,,1,Golf clubs && other golf equipment; parts && accessories thereof
1245,9506.31.00.00,2,Golf clubs &&  complete
1246,9506.32.00.00,2,Balls
1247,9506.39.00,2,Other
1248,9506.39.00.60,3,Parts of golf clubs
1249,9506.39.00.80,3,Other
1250,9506.40.00.00,1,Articles && equipment for table-tennis &&  && parts && accessories thereof
1251,,1,Tennis &&  badminton or similar rackets &&  whether or not strung; parts && accessories thereof
1252,9506.51,2,Lawn-tennis rackets &&  whether or not strung &&  && parts && accessories thereof
1253,9506.51.20.00,3,Rackets &&  strung
1254,9506.51.40.00,3,Rackets &&  not strung
1255,9506.51.60.00,3,Parts && accessories
1256,9506.59,2,Other
1257,9506.59.40,3,Badminton rackets && parts && accessories thereof
1258,9506.59.40.40,4,Rackets && racket frames
1259,9506.59.40.80,4,Other parts && accessories
1260,9506.59.80,3,Other
1261,9506.59.80.20,4,Racquetball rackets
1262,9506.59.80.40,4,Squash rackets
1263,9506.59.80.60,4,Other &&  including parts && accessories
1264,,1,Balls &&  other than golf balls && table-tennis balls
1265,9506.61.00.00,2,Lawn-tennis balls
1266,9506.62,2,Inflatable balls
1267,9506.62.40,3,Footballs && soccer balls
1268,9506.62.40.40,4,Footballs
1269,9506.62.40.80,4,Soccer balls
1270,9506.62.80,3,Other
1271,9506.62.80.20,4,Basketballs
1272,9506.62.80.40,4,Volleyballs
1273,9506.62.80.60,4,Other
1274,9506.69,2,Other
1275,9506.69.20,3,Baseballs && softballs
1276,9506.69.20.40,4,Baseballs
1277,9506.69.20.80,4,Softballs
1278,9506.69.40.00,3,Noninflatable hollow balls not over 19 cm in diameter
1279,9506.69.60,3,Other
1280,9506.69.60.10,4,Polo balls
1281,9506.69.60.20,4,Other
1282,9506.70,1,Ice skates && roller skates &&  including skating boots with skates attached; parts && accessories thereof
1283,9506.70.20,2,Roller skates && parts && accessories thereof
1284,9506.70.20.10,3,Attached to boots
1285,9506.70.20.90,3,Other
1286,9506.70.40.00,2,Ice skates with footwear permanently attached
1287,9506.70.60,2,Other &&  including parts && accessories for ice skates with footwear permanently attached
1288,9506.70.60.40,3,Ice skates
1289,9506.70.60.80,3,Parts && accessories
1290,,1,Other
1291,9506.91.00,2,Articles && equipment for general physical exercise &&  gymnastics or athletics; parts && accessories thereof
1292,9506.91.00.10,3,Exercise cycles
1293,9506.91.00.20,3,Exercise rowing machines
1294,9506.91.00.30,3,Other
1295,9506.99,2,Other
1296,9506.99.05,3,Archery articles && equipment && parts && accessories thereof
1297,9506.99.05.10,4,Bows && bow parts
1298,9506.99.05.20,4,Arrows && arrow parts
1299,9506.99.05.30,4,Other
1300,,3,Badminton articles && equipment &&  except rackets &&  && parts && accessories thereof
1301,9506.99.08.00,4,Nets of cotton
1302,9506.99.12.00,4,Other
1303,9506.99.15.00,3,Baseball articles && equipment &&  except balls &&  && parts && accessories thereof
1304,9506.99.20.00,3,Football &&  soccer && polo articles && equip- ment &&  except balls &&  && parts && accessories thereof
1305,9506.99.25,3,Ice-hockey && field-hockey articles && equipment &&  except balls && skates &&  && parts && accessories thereof
1306,9506.99.25.40,4,Ice-hockey sticks
1307,9506.99.25.80,4,Other &&  including parts && accessories
1308,9506.99.28.00,3,Lacrosse sticks
1309,9506.99.30.00,3,Lawn-tennis articles && equipment &&  except balls && rackets &&  && parts && accessories thereof
1310,9506.99.35.00,3,Skeet targets
1311,,3,Sleds &&  bobsleds &&  toboggans && the like && parts && accessories thereof
1312,9506.99.40.00,4,Toboggans; bobsleds && luges of a kind used in international competition
1313,9506.99.45.00,4,Other &&  including parts && accessories
1314,9506.99.50.00,3,Snowshoes && parts && accessories thereof
1315,9506.99.55.00,3,Swimming pools && wading pools && parts && accessories thereof
1316,9506.99.60,3,Other
1317,9506.99.60.40,4,Nets not elsewhere specified or included
1318,9506.99.60.80,4,Other
1319,9507,0,"Fishing rods &&  fish hooks && other line fishing tackle; fish landing nets &&  butterfly nets && similar nets; decoy ""birds"" (other than those of heading 9208 or 9705) && similar hunting or shooting equipment; parts && accessories thereof"
1320,9507.10.00,1,Fishing rods && parts && accessories thereof
1321,9507.10.00.40,2,Fishing rods
1322,9507.10.00.80,2,Parts && accessories
1323,9507.20,1,Fish hooks &&  whether or not snelled
1324,9507.20.40.00,2,Snelled hooks
1325,9507.20.80.00,2,Other
1326,9507.30,1,Fishing reels && parts && accessories thereof
1327,,2,Fishing reels
1328,9507.30.20.00,3,Valued not over $2.70 each
1329,9507.30.40.00,3,Valued over $2.70 but not over $8.45 each
1330,9507.30.60.00,3,Valued over $8.45 each
1331,9507.30.80.00,2,Parts && accessories
1332,9507.90,1,Other
1333,9507.90.20.00,2,Fishing line put up && packaged for retail sale
1334,9507.90.40.00,2,Fishing casts or leaders
1335,9507.90.60.00,2,Fish landing nets &&  butterfly nets && similar nets
1336,,2,Other &&  including parts && accessories
1337,9507.90.70.00,3,Artificial baits && flies
1338,9507.90.80.00,3,Other &&  including parts && accessories
1339,9508,0,Merry-go-rounds &&  boat-swings &&  shooting galleries && other fairground amusements; traveling circuses && traveling menageries; traveling theaters; parts && accessories thereof
1340,9508.10.00.00,1,Traveling circuses && traveling menageries; parts && accessories
1341,9508.90.00.00,1,Other
